https://www.statista.com/statistics/330695/number-of-smartphone-users-worldwide/;4
https://www.web-canape.ru/business/internet-2020-globalnaya-statistika-i-trendy/;4
https://reutersinstitute.politics.ox.ac.uk/sites/default/files/2017-04/Big%20Data%20For%20Media_0.pdf;3
https://seance.ru/articles/realnoe-eto-nevozmoznoe/;3
https://nymag.com/next/2015/03/berlin-is-the-post-tourist-capital-ofeurope.html;3
http://cheloveknauka.com/arhetipicheskie-osnovy-obraza-geroya-v-dramaturgii-otechestvennogo-kino#ixzz6KASQsc00;3
https://cdr.lib.unc.edu/concern/masters_papers/h415pf19f;3
https://www.statista.com/statistics/625158/south-korea-export-music-industry/;3
https://meduza.io/feature/2018/11/27/basta-oksimiron-i-noize-mc-dali-kontsert-v-podderzhku-haski-final-voydet-v-istoriyu-posmotrite-ego-zdes;3
https://br-analytics.ru/blog/social-media-russia-2019/;3
https://www.tandfonline.com/doi/full/10.1080/14680777.2019.1667075.;3
http://www.pwc.com/gx/en/global-entertainment-media-outlook/insights-and-analysis.jhtml;2
https://tjournal.ru/internet/50314-prusikin;2
http://www.moscowfilmfestival.ru/miff41/press/press_releases/?id=477;2
https://www.proficinema.ru/mainnews/festival/detail.php?ID=161337&sphrase_id=426690;2
http://archi.ru/news/68970/kakie-master-klassy-zhdut-gostei-art-ovraga-v-2016-godu;2
https://ebookcentral.proquest.com;2
http://www.belcanto.ru/notopechat.html;2
https://cyberleninka.ru/article/n/klipovaya-kultura-ili-nekotorye-podhody-k-opisaniyu-muzykalnogo-klipa;2
https://www.statista.com/statistics/705110/berlinale-number-of-visits/;2
http://www.vedomosti.ru/lifestyle/articles/2015/06/01/594485-startoval-teatralnii-proekt-remote-moscow;2
https://www.statista.com/statistics/604959/number-of-apple-music-subscribers/;2
http://kpopsecrets.tumblr.com/post/117658029945/please-dont-be-stupid-ex-sm-trainee;2
https://www.sciencemuseumgroup.org.uk/about-us/policies-and-reports/digital-strategy/;2
http://www.ifpi.org/content/library/DMR2008.pdf;2
https://doi.org/10.1287/mnsc.1070.0787;2
http://ecsocman.hse.ru/data/332/478/1209/NZ_2008_4_1-2_Tartakovskaya.pdf;2
https://www.abc.net.au/news/2008-05-26/dima-bilan-from-rags-to-riches/2448224;2
https://www.theguardian.com/music/2008/may/25/russia.television;2
http://theatrummundi.org/material/emancipated-spectator/;2
https://clck.ru/NQ46N;2
https://chronicles.igmsu.org/igmsu/legitimization/;2
https://www.bsplan.ru/uslugi/rynok-event-uslug;2
https://goo-gl.ru/6kR0;2
https://www.webershandwick.com/uploads/news/files/Social-CEO-Study.pdf;2
https://www.youtube.com/watch?v=kakFDUeoJKM;2
https://www.spin.com/2012/03/seoul-trained-inside-koreas-pop-factory/;2
http://www.openmusic.ru/16018;2
https://travel.trade.gov/pdf/national-travel-and-tourismstrategy.pdf;2
http://www.cinematheque.ru/post/137835/print/;2
https://www.ft.com/content/e7335f00-36fd-11e6-9a05-82a9b15a8ee7;2
https://bandzoogle.com/blog/why-is-sync-so-important-in-the-music-industry;2
https://resilientmusic.com/whats-difference-music-publishers-record-labels/;2
https://daily.afisha.ru/music/3537-little-big-kak-samaya-gadkaya-gruppa-rossii-prishla-k-uspehu/;2
https://www.proficinema.ru/mainnews/festival/detail.php?ID=203139&sphrase_id=426690;2
https://www.kommersant.ru/doc/3019980;2
https://www.forbes.com/sites/ajagrawal/2016/03/28/building-trust-how-blogging-canimprove-customer-relationships/#106e04564eeb;2
https://seance.ru/articles/xronika-kino-2002/;2
http://www.gamestudies.org/0101/editorial.html;2
http://news.bbc.co.uk/2/hi/entertainment/189832.stm;2
http://www.gks.ru/free_doc/new_site/business/trans-sv/prot.xlsx;2
https://www.youtube.com/watch?v=lbA_2RARi_s;2
https://www.billboard.com/charts/hot-100/2003-03-15;2
http://plannersweb.com/wp-content/uploads/1997/01/184.pdf;2
https://www.forbes.com/sites/bencurren/2018/09/12/the-response-to-elon-musks-cannabis-use-shows-that-we-have-a-giant-double-standard-to-overcome/#4ac809e739a8;2
https://dailycaller.com/2018/08/16/new-york-times-elon-musk-mental-health/;2
https://thehustle.co/gerald-ratners-billion-dollar-speech;2
http://bogost.com/writing/videogames_are_a_mess/;2
http://avilar.blogspot.com/2011/07/creating—fantasy—and—science—fiction.html;2
https://research.nevafilm.ru/research/biblioteka/articles/regional-film-2018/;2
https://martinroll.com/resources/articles/asia/korean-wave-hallyu-the-rise-of-koreas-cultural-economy-pop-culture/;2
https://mir24.tv/articles/16336937/anshlag-tut-i-tam-kak-sovetskie-artisty-pokoryali-zapad;2
https://www.youtube.com/watch?v=IWz8BKyRxTg&t=3178s;2
https://vk.com/wall-34866950_36987;2
https://www.proficinema.ru/mainnews/festival/detail.php?ID=241687&sphrase_id=426690;2
https://www.proficinema.ru/mainnews/festival/detail.php?ID=241948&sphrase_id=426690;2
https://seance.ru/articles/maksim-pozdorovkin/;2
https://message2man.com/news/programma-soprotivlenie-1968-2018/;2
<https://web.archive.org/web/20190607222921/http://www.teaconnect.org/images/files/328_669153_190522.pdf;2
https://economictimes.indiatimes.com/magazines/panache/between-thelines/fomo/articleshow/62550811.cms?from=mdr;2
https://www.mlg.ru/ratings/research/6438/;2
https://vc.ru/media/32882-podcasts-ads;2
https://www2.deloitte.com/content/dam/Deloitte/ru/Documents/research-center/media-consumption-in-russia-2018-ru.pdf;2
https://mediator.media/doc/Mediator_2018_How_People_Read.pdf;2
http://rizaweganofa.blogspot.ru/2013/02/korean-wave-pop-culture-comes-as_2696.html;2
https://clck.ru/NQAkv;2
https://doi.org/10.4018/978-1-4666-4490-8.ch028;2
https://www.ign.com/wikis/best—of—2004/Overall_Story;2
https://youtu.be/L-XVLcJ0dL4;2
https://www.vice.com/en_uk/article/r79y8y/i-found-the-russian-die-antwoord;2
https://www.zvuki.ru/R/P/30866/;2
http://www.sobaka.ru/entertainment/music/17254;2
https://antipiracy.changecopyright.ru/;2
https://eclass.teicrete.gr/modules/document/file.php/TP271/Additional%20material/docebo-elearning-trends-report-2017.pdfs;2
https://www.pwc.ru/ru/publications/rynok-interaktivnoy-reklamy-2018-2020.html;2
https://www.cnbc.com/2017/06/29/ibm-watson-elon-musks-personality-traits-are-summed-up-by-this-image.html;2
https://www.cnbc.com/2017/06/27/elon-musk-is-the-most-cautious-leader-in-tech-according-to-ibm-data.html;2
https://hired.com/blog/highlights/hired-brand-health-report-2017/;2
http://www.moonrok.com/history-k-pop-chapter-3-seo-taiji-and-boys/;2
https://ru.hellomagazine.com/zvezdy/krasnaya-dorozhka/21389-10-samykh-effektnykh-par-tceremonii-zakrytiya-mmkf-2017.html;2
https://www.proficinema.ru/mainnews/festival/detail.php?ID=223673&sphrase_id=426701;2
https://www.appannie.com/ru/insights/market-data/app-annie-2017-2022-forecast/;2
https://postnauka.ru/video/75977;2
https://www.nytimes.com/2009/01/15/technology/companies/15nortel.html;2
http://www.mtv.com/news/2293917/5-things-you-need-to-know-about-jonas-brothers-opening-act-wonder-girls/;2
https://clck.ru/NQAga;2
https://www.rma.ru/news/548/;2
https://doi.org/10.1086/292273.;2
http://global-finances.ru/vvp-rossii-po-godam/;2
https://clck.ru/NQARZ;2
https://www.youtube.com/watch?v=GTRAEpllGZo;2
https://www.businessinsider.com/elon-musk-suffers-self-doubt-over-public-speaking-2019-6;2
https://mashable.com/article/elon-musk-absolute-unit-sheep-tweet/;2
https://www.business2community.com/sales-management/we-analyzed-elon-musks-twitter-heres-what-we-learned-about-sales-psychology-02229161;2
https://www.facebook.com/DeliveryClub.ru/;2
https://economictimes.indiatimes.com/magazines/panache/bts-tops-billboard-100-list-how-k-pop-helped-korea-improve-its-economy/articleshow/65266543.cms;2
https://www.statista.com/statistics/990547/countries-in-europe-for-english/;2
https://www.kpopstarz.com/articles/289260/20190614/generations-of-kpop.htm;2
https://www.forbes.com/sites/caitlinkelley/2019/04/03/kpop-global-bts-blackpink-grow/#2b3438a724e2;2
https://www.thebalancecareers.com/music-distribution-defined-2460499;2
https://www.forbes.ru/forbeslife/383233-ya-nikogda-ne-shel-na-kompromissy-radi-deneg-lider-little-big-ilya-prusikin-o;2
https://i-m-i.ru/post/kto_vozit_v_evropu_oyechestvennye_gruppy;2
http://vma-pesnyary.com/library/articles/v_amerike.php;2
https://www.youtube.com/watch?v=9BAfdAuZrNc;2
https://i-m-i.ru/post/lables_distribution;2
https://www.proficinema.ru/mainnews/festival/detail.php?ID=270870&sphrase_id=426690;2
https://www.proficinema.ru/interviews/detail.php?ID=271335&sphrase_id=426707;2
https://www.proficinema.ru/mainnews/festival/detail.php?ID=271249&sphrase_id=426690;2
https://www.proficinema.ru/interviews/detail.php?ID=275273&sphrase_id=426703;2
https://www.proficinema.ru/interviews/detail.php?ID=269708&sphrase_id=425929;2
https://www.proficinema.ru/interviews/detail.php?ID=271360&sphrase_id=426706;2
https://seance.ru/articles/artdocfest-2019/;2
https://www.schloesser.bayern.de/deutsch/presse/archiv08/neuschwan/internet.htm;2
https://meduza.io/feature/2020/03/10/rezhisser-aksinya-gog-snyala-v-ermitazhe-pyatichasovoy-film-na-ayfon-i-bez-edinoy-skleyki-posmotrite-chto-poluchilos-i-pochitayte-kak-prohodili-s-emki;2
https://www.youtube.com/watch?v=pbio_nuhcaI;2
http://www.meteorf.ru/press/news/20626/;2
https://library.wmo.int/doc_num.php?explnum_id=10229;2
https://economy.gov.ru/material/news/minekonomrazvitiya_rossii_podgotovilo_proekt_strategii_dolgosrochnogo_razvitiya_rossii_s_nizkim_urovnem_vybrosov_parnikovyh_gazov_do_2050_goda_.html;2
https://popsters.ru/blog/post/auditoriya-socsetey-v-rossii;2
https://www.youtube.com/watch?v=yI_iI-0QFIE;2
https://www.youtube.com/watch?v=CRKEA6rswfY;2
https://festivalfilm1939.com/1st-cannes-film-festival-1939;2
https://incrussia.ru/understand/sila-zvuka/;2
https://br-analytics.ru/blog/podcasts-in-russia-2019/;2
https://www.pwc.ru/ru/publications/mediaindustriya-v-2019/radio-i-podkasty.html;2
https://www.pwc.ru/ru/publications/mediaindustriya-v-2019/rynok-ott-video.html;2
https://cinemapages.livejournal.com/10097.html;2
http://www.vashdosug.ru/msk/theatre/article/74339/;1
http://www.deloitte.co.uk/tmtpredictions/assets/downloads/Deloitte-TMT-Predictions-2014.pdf;1
https://opentextbc.ca/strategicmanag;1
http://www.theguardian.com/technology/2014/dec/03/zoe-quinn-gamergate-interview.;1
http://awards.bafta.org/award/2014/games;1
http://revistas.ulima.edu.pe/index.php/contratexto/article/viewFile/95/89;1
https://www.kommersant.ru/doc/2491476;1
https://rg.ru/2014/09/18/meridian-site.html;1
https://vk.com/wall-34866950_8416;1
https://seance.ru/articles/medvedev/;1
https://seance.ru/articles/russkij-fokus/;1
https://tass.ru/kultura/1584090;1
https://tvrain.ru/teleshowartdokfest_obsuzhdeniezhivye_ljudi_na_mertvom_zavode_daniil_dondurej_irina_prohorova_marina_razbezhkina_i_jurij_luzhkov_o_filme_poslednij_limuzin-378742/;1
https://kinobusiness.com/interview/nekotoryy-ekstremizm-v-konkurse-mmkf-budet-prisutstvovat/?sphrase_id=88599;1
https://www.kommersant.ru/doc/2491367;1
https://tass.ru/press/2126;1
http://journal.mrsu.ru/arts/vliyanie-smi-na-mezhdunarodnye-otnosheniya;1
https://fom.ru/SMI-i-internet/11567;1
https://ieeexplore.ieee.org/document/7091299;1
https://cyberleninka.ru/article/n/k-voprosu-o-pravovom-monitoringe-standartizatsii-mehanizma-raspredeleniya-intellektualnyh-prav;1
https://rucont.ru/efd/300031.;1
https://www.nngroup.com/articles/recognition-and-recall;1
http://emag.iis.ru/arc/infosoc/emag.nsf/BPA/b59df6463a;1
http://www.owl.ru/library/009t.htm;1
https://firstmonday.org/article/view/1418/1336;1
https://doi.org/10.1073/pnas.0601602103;1
http://www.jenovachen.com/flowingames/introduction.htm;1
https://seance.ru/articles/ottsepriimstvo/;1
https://piligrim.fund/film/milana;1
https://seance.ru/n/29-30/vertigo-nulevyie/format/format-mnenia/#296.;1
http://rus-yaz.niv.ru/doc/dictionary-of-epithets/index.htm;1
https://www.latimes.com/archives/la-xpm-2006-sep-13-me-lonelygir13-story.html;1
https://www.latimes.com/archives/la-xpm-2006-sep-08-et-lonelygirl8-story.html;1
https://web.archive.org/web/19991005015117/http:/www.duke.edu/~tlove/mac.htm;1
http://mediascope.ru/en/node/677;1
https://clck.ru/NPwZf;1
http://henryjenkins.org/blog/2010/06/transmedia_education_the_7_pri.html;1
http://henryjenkins.org/blog/2007/03/transmedia_storytelling_101.html;1
http://www.ne-mo.org/fileadmin/Dateien/public/MumAE/reserved_area/MUMAE_TOOLKIT_600dpi.pdf;1
https://old.kinoart.ru/archive/2010/03/n3-article13;1
https://www.academia.edu/637947/Any_value_in_the_chain;1
https://seance.ru/articles/kinotavr-defibrillation/;1
https://seance.ru/articles/kinotavr-znaki/;1
https://artsfuse.org/85710/fuse-film-review-back-from-the-moscow-international-film-festival/;1
http://ebookcentral.proquest.com/lib/hselibrary-ebooks/detail.action?docID=535150.;1
https://scriptmag.com/news/a-brief-history-of-the-web-series;1
https://cyberleninka.ru/article/n/prodvizhenie-uslug-v-sotsialnyh-setyah;1
https://www.theguardian.com/music/2015/dec/28/how-edm-can-sell-almost-anything-brands-marketing;1
http://mic.org.ru/13-nomer-2015/459-internet-v-sisteme-mediaprostranstva;1
http://www.mediascope.ru/1812;1
http://vsrf.ru/Show_pdf.php?Id=10333;1
http://www.mediascope.ru/1691.;1
https://chronicles.igmsu.org/igmsu/savecampus/monument/;1
https://chronicles.igmsu.org/igmsu/savecampus/monument/#2;1
https://www.linkedin.com/pulse/what-b2b-event-marketers-can-learn-from-comic-con-2015-alison-jenks;1
https://www.youtube.com/channel/UCwf6HPPrz-1tkIibGP4qu_g;1
https://meduza.io/news/2015/11/13/oxxxymiron-vylozhil-novyy-albom;1
https://vsrap.ru/konceptualnaya-recenziya-na-gorgoro/;1
http://www.mediascope.ru/1812s;1
http://www.mediascope.ru/1773#21;1
https://www.youtube.com/watch?v=KseHZtS6bQ8;1
https://cyberleninka.ru/article/n/gendernyy-podhod-v-analize-prichinproyavleniya-nasiliya-v-blizkih-otnosheniyah-mezhdu-muzhchinami-izhenschinami;1
https://www.polygon.com/2015/7/23/9022561/life—is—strange—episode—4—release—date—trailer;1
https://www.youtube.com/watch?v=iXZZ2gC-O0Y;1
https://seance.ru/articles/crowdfunding_rus/;1
https://rg.ru/2015/09/21/meridiani-site.html;1
https://kinobusiness.com/news/dnevnik-37-mmkf-den-pervyy/?sphrase_id=89341;1
https://kinobusiness.com/news/dokumentalnyy-film-po-materialam-edvarda-snoudena-pokazhut-na-mmkf/?sphrase_id=89341;1
https://vk.com/wall-34866950_14630;1
https://vk.com/wall-34866950_14891;1
https://seance.ru/articles/bella_e_perduta/#text-1;1
http://thr.ru/cinema/mmkf-2015-blog-nikity-mihalkova-den-vosmoj/;1
https://tass.ru/info/2050865;1
https://tass.ru/kultura/2293491;1
https://primgazeta.ru/news/from-cannes-we-are-only-thirty-years-program-director-of-the-film-festival-pacific-meridian;1
https://seance.ru/articles/none-of-your-business/;1
https://kinobusiness.com/news/film-vasiliya-sigareva-otkroet-rossiyskuyu-programmu-mmkf/?sphrase_id=89341;1
https://tvrain.ru/lite/teleshow/artificial_selection/chto_smotret_na_artdokfeste-399749/;1
https://www.colta.ru/news/8734-colta-ru-pokazhet-film-helgi-landauer-o-vladimire-gandelsmane;1
http://www.kinometro.ru/news/show/name/MBS_Finale_34865;1
https://www.cim.co.uk/media/4772/7ps.pdf;1
http://ijoc.org/index.php/ijoc/article/view/3743.;1
https://www.rollingstone.com/movies/movie-lists/12-scariest-moments-in-kids-films-160092/fantasia-1940-chernabog-raises-hell-158216/;1
https://www.rbc.ru/business/25/09/2015/560156719a7947f4eb602c3f;1
https://cyberleninka.ru/article/n/razvitie-sovremennogo-iskusstva-v-regionah-rossii-globalnyy-kontekst-i-lokalnye-proekty;1
http://gazetagreencity.ru/2015/03/12/vtorichnoe-iskusstvo-8-hudozhnikov-kotorye-rabotayut-s-musorom;1
https://www.sberbank.com/common/img/uploaded/files/pdf/yrep/sberbank_annual_report_2015_rus.pdf;1
https://tefitv.ru/Ïîáåäèòåëè-ÒÝÔÈ-2015/;1
https://cyberleninka.ru/article/n/nasledovanie-avtorskih-prav-1;1
https://tvkinoradio.ru/article/article5735-snimaetsya-kino-rajon-tmi;1
https://www.imdb.com/name/nm0952243/news;1
https://betanews.com/2014/11/28/bittorrent-unveils-its-first-original-tv-series-children-of-the-machine/;1
https://cyberleninka.ru/article/n/marketing-v-sotsialnyh-setyah-sovremennye-tendentsii-i-perspektivy;1
https://cyberleninka.ru/article/n/razrabotka-innovatsionnogo-produkta-interaktivnyh-prilozheniy-na-ios-yakutskie-skazki;1
http://www.ipsos.com/asi/sites/ipsos.;1
https://www.ipsos.com/en-us/lessons-learned-advertising-creative-and-your-brand;1
https://search.proquest.com/docview/1556000964?accountid=14169;1
https://www.kommersant.ru/doc/883682;1
https://cyberleninka.ru/article/n/o-soderzhanii-ponyatiya-polikodovyy-tekst;1
https://www.annualreviews.org/doi/abs/10.1146/annurev.publhealth.29.020907.090750;1
http://content.time.com/time/specials/packages/completelist/0;1
https://www.nme.com/news/music/lady-gaga-249-1259822;1
https://www.nytimes.com/2012/05/29/science/oldest-musical-instruments-are-even-older-than-first-thought.html?_r=0;1
https://www.theverge.com/2012/4/18/2956951/ecosystem-comparison-amazon-apple-facebook-google-microsoft-sony;1
https://magazines.gorky.media/oz/2012/5/zavod-po-proizvodstvu-vremeni.html;1
http://cyberleninka.ru/article/n/zakony-teleauditorii-opyt-empiricheskih-issledovaniy;1
http://zunia.org/sites/default/files/media/node-files/ss/323444_ssrnid2041856.pdf;1
https://www.filmpro.ru/materials/26129;1
https://www.businessinsider.com/10-commandments-of-21st-century-franchise-production-2012-10;1
https://blog.collectivejourney.com/the-heros-journey-is-no-longer-serving-us-85c6f8152a50;1
https://www.gamespot.com/articles/skyrim—wins—iaa—game—of—the—year/1100—6350126/;1
http://gamestudies.org/1201/articles/veale;1
https://www.kinopoisk.ru/film/573621/dates/;1
http://www.intelros.ru/readroom/mir-i-politika/m6-2012/14907-politicheskie-resheniya-kak-bazovaya-sostavlyayuschaya-mezhdunarodnoy-zhurnalistiki.html;1
http://www.mediascope.ru/node/1015;1
https://www.youtube.com/watch?v=DLOaKR1t2iA;1
http:;1
http://zilcc.ru/studio/art/103.html;1
https://lib.herzen.spb.ru/media/magazines/contents/1/150/tuchkova_150_158_163.pdf;1
http://www.zimbio.com/TV+News/articles/5OeWZrZrGJL/Popular+Web+Series+Prom+Queen+Sam+7+Friends;1
https://media-pravo.info/case/1718-2;1
https://cyberleninka.ru/article/n/osobennosti-i-metody-b2b-marketinga;1
https://cyberleninka.ru/article/n/osobennosti-kompleksnogo-internet-marketinga-kompaniy-na-b2b-rynke;1
https://www.eventmarketer.com/wp-content/uploads/2016/05/2016EventTrackExecSummary.pdf;1
https://gdpr-info.eu/;1
https://www.washingtonpost.com/pr/wp/2016/10/19/the-washington-post-uses-artificial-intelligence-to-cover-nearly-500-races-on-election-day/;1
https://doi.org/10.1007/978-3-319-24520-1_14;1
https://the-flow.ru/news/oxxxymiron-anonsiroval-novyy-reliz;1
https://the-flow.ru/news/oxxxymiron-versus-st;1
https://the-flow.ru/news/oxxxy-olimpiyskiy;1
https://www.rbc.ru/politics/14/11/2016/582993bc9a79475139a69f61;1
https://cyberleninka.ru/article/n/gendernye-predstavleniya-i-domashnee-nasilie-v-molodyh-semyah-karelii/viewer;1
https://cyberleninka.ru/article/n/supruzheskoe-nasilie-v-kontekste-viktimizatsii-zhenschin/viewer;1
https://yandex.ru/?cover=gagarin;1
https://seance.ru/articles/artdocfest-2016/;1
http://www.museikino.ru/media_center/kinodata-60-let-nazad-nachali-provodit-ezhegodnyy-vsesoyuznyy-kinofestival;1
https://seance.ru/articles/evgeniya-marchenko-interview/;1
https://primgazeta.ru/news/180-films-will-show-the-guests-of-the-festival-pacific-meridian-2016-16-09-11;1
https://www.youtube.com/watch?v=q9WeOoNJGYg&feature=emb_logo;1
https://tvrain.ru/lite/teleshow/kak_vse_nachinalos/kvn-413476/ÊÀ;1
https://www.kommersant.ru/doc/2974672;1
https://screenrant.com/scariest-most-terrifying-disney-movies-ever/;1
https://www.weforum.org/reports/new-vision-for-education-fostering-social-and-emotional-learning-through-technology;1
https://cyberleninka.ru/article/n/razrabotka-mobilnogo-prilozheniya-onlayn-radio;1
https://cyberleninka.ru/article/n/plagiat-i-avtorskoe-pravo;1
https://darkermagazine.ru/page/arsenij-gonchukov-budushhee-za-internetom;1
https://www.ridus.ru/news/215858;1
https://cyberleninka.ru/article/n/sovremennoe-mediapotreblenie-modifikatsii-suschnostnyh-harakteristik;1
https://doi.org/10.1023/A;1
http://www.arts.uwa.edu.au/MotsPluriels/MP1801tb2.html;1
https://www.levada.ru/2001/10/03/sotsialno-politicheskaya-obstanovka-v-rossii-sentyabr-2001-goda/;1
https://www.jesperjuul.net/thesis/;1
https://www.kommersant.ru/doc/273497;1
https://eur-lex.europa.eu/LexUriServ/LexUriServ.do?uri=CELEX:32001L0029:EN:HTML;1
http://culture.niv.ru/doc/culture/;1
http://base.garant.ru/102149/;1
http://www.garant.ru/products/ipo/prime/doc/10001172/s;1
http://www.consultant.ru/cons/cgi/online.cgi?req=doc&base=ESU&n=479#04061839062742735;1
https://doi.org/10.1137/S003614450342480;1
http://library.gender-ehu.org/hms/attach.php/t__articles.files/id__310/Gorshkova.pdf;1
http://www.unesco.org/new/en/communication-and-information/memory-of-the-world/register/full-list-of-registered-heritage/registered-heritage-page-6/original-declaration-of-the-rights-of-man-and-of-the-citizen-1789-1791/;1
https://web.archive.org/web/20040330080004/http://www.finiz.ru/cfin/tmpl-art_news/id_art-729277;1
http://www.textologia.ru/slovari/literaturovedcheskie-terminy/hudozhestvenniy-obraz/?q=458&n=241;1
http://vivovoco.astronet.ru/VV/PAPERS/ECCE/SEX.EDU/REPT_1.HTM;1
http://music.britishcouncil.org/sites/default/files/UoW-MusicTank-Sounding-Out-Radio-Research-British-Council.pdf;1
https://vk.com/wall-4953123_44721;1
http://clubforinternet.net/school_18/ethnography;1
https://sciencepop.ru/istoriya-sotsialnyh-setej-poyavlenie-i-razvitie/;1
https://cyberleninka.ru/article/n/osobennosti-internet-marketinga-na-b2b-rynkah;1
https://www.statista.com/statistics/189592/breakdown-of-us-video-game-sales-2009-by-genre/;1
https://www.autostat.ru/news/37624/;1
https://br-analytics.ru/blog/socseti-v-rossii-osen-2018/;1
https://oag.ca.gov/privacy/ccpa;1
http://www.legislation.gov.uk/ukpga/2018/12/contents/enacted;1
https://aibusiness.com/ai-journalism-associated-press/;1
https://www.cnil.fr/sites/default/files/typo/document/Act78-17VA.pdf;1
https://www.bloomberg.com/news/articles/2018-05-03/john-micklethwait-the-future-of-news;1
https://analyticsindiamag.com/big-data-analytics-changing-media-entertainment-landscape/;1
https://www.iab.com/wp-content/uploads/2018/12/IAB_The-State-of-Data-2018_2018-12-05_Final.pdf;1
https://www.forbes.com/sites/forbesproductgroup/2018/07/11/entering-the-next-century-with-a-new-forbes-experience/#7f85e0433bf4;1
https://www.synthesio.com/blog/asian-social-media/;1
https://cyberleninka.ru/article/n/ponyat-prochuvstvovat-i-prisvoit-yuzhnokoreyskiy-serial-lunnye-vlyublennye-alye-serdtsa-koryo-v-obsuzhdeniyah-russkoyazychnyh-zriteley;1
https://reutersinstitute.politics.ox.ac.uk/sites/default/files/2018-12/Brennen_UK_Media_Coverage_of_AI_FINAL.pdf;1
https://doi.org/10.1090/mbk/114/02;1
https://doi.org/10.1145/3269206.3272021;1
https://ria.ru/20180323/1517096073.html;1
https://www.gq.ru/style/oxxxymiron-stal-licom-reebok-classic-vnezapno;1
https://daily.afisha.ru/news/11398-oksimiron-sygraet-glavnuyu-rol-v-ekranizacii-empire-v/;1
https://www.forbes.ru/rating/348311-reyting-forbes-glavnye-rossiyskie-znamenitosti-2017#all_rating;1
https://eksmo.ru/news/oksimiron-stal-pretendentom-na-literaturnuyu-premiyu-ID12192607/;1
https://www.youtube.com/watch?v=S9y4R11gzPY&t=1273s;1
https://www.youtube.com/watch?v=_IPXiNIXuFI;1
https://www.youtube.com/watch?v=f0wv89CdksM;1
https://the-flow.ru/news/face-fevralskie-tezisy;1
https://the-flow.ru/news/face-navalniy;1
https://www.bbc.com/russian/features-45440153;1
https://www.dazeddigital.com/music/article/39164/1/face-russian-rapper-interview;1
https://www.youtube.com/watch?time_continue=1435&v=nTeYn6B39aU&feature=emb_logo;1
http://esj.pnzgu.ru.;1
http://skvot.2035.university/sociologiya-nauchnyh-communikacii?utm_source=vk&utm_content=longread&fbclid=IwAR1rZrnOzhcBxeEv_vgc9aGiFfM1P-xryBBUY0NfI2x3TYI0HisV2ntVcyM;1
http://sisters-help.ru/report/2018_Report.pdf;1
https://www.elibrary.ru/item.asp?id=36909842;1
https://cyberleninka.ru/article/n/mentalnye-osnovaniya-gendernogo-nasiliya/viewer;1
https://project911.ru/s;1
http://www.anthropology-news.org/index.php/2018/12/21/metoo-believing-survivors-and-cooperative-digital-communication/?fbclid=IwAR2nKCj-xjF02bJrujLtAftfN8leO6mDBDGD64II7DZ9FCpbGENcLFw0PaE;1
https://www.pewresearch.org/fact-tank/2018/10/11/how-social-media-users-have-discussed-sexual-harassment-since-metoo-went-viral/s;1
https://culanth.org/fieldsights/anthropology-after-me-too?fbclid=IwAR113aPjuWcnovuD8bYfYMDvMW5dtLq8FuTES20L38BNdRYgYk1l0qsu_yQ;1
https://doi.org/10.1080/02650487.2018.1438054.;1
https://variety.com/2019/digital/news/netflix-content-spending-2019-15-billion-1203112090/;1
https://www.kommersant.ru/doc/3922225;1
https://newzoo.com/insights/articles/newzoo—cuts—global—games—forecast—for—2018—to—134—9—billion/;1
https://postnauka.ru/video/89851;1
https://buran.tass.ru/;1
https://mks.tass.ru/;1
https://www.mkrf.ru/documents/o-prioritetnykh-temakh-gosudarstvennoy-finansovoy-podderzhki-kinoproizvodstva-v-2018-godu/s;1
https://quote.rbc.ru/news/article/5c20cd139a7947c6d94f5adf;1
https://www.the-village.ru/village/weekend/music/312977-shortparis;1
https://www.colta.ru/articles/cinema/19050-revolyutsiya-i-solominka;1
https://rg.ru/2018/09/26/reg-dfo/amerikanskaia-kinozvezda-endi-makduell-poliubila-vladivostok.html;1
https://seance.ru/articles/process-loznitsa/;1
https://rg.ru/2018/06/29/reg-dfo/na-meridiany-tihogo-priedut-rodnianskij-i-german-mladshij.html;1
https://rg.ru/2018/09/20/reg-dfo/vo-vladivostoke-otkryvaetsia-xvi-kinofestival-meridiany-tihogo.html;1
https://vk.com/wall-34866950_36536;1
https://primgazeta.ru/news/yurij-goncharov-festival-vyros-i-ostro-mechtaet-o-dnyah-pokaza-19-09-2018-11-56-25;1
https://www.facebook.com/events/2106038669614415/permalink/2116858191865796/;1
https://www.interfax.ru/culture/610358;1
https://kinoart.ru/news/predsedatelem-zhyuri-osnovnogo-konkursa-mmkf-stanet-kim-ki-duk-i-drugie-podrobnosti-po-programme;1
https://tass.ru/kultura/5569889;1
http://festivalfilm.ru/interesnoe/pervye-syurprizy-40-go-mmkf-bolshaya-retrospektiva-ingmara-bergmana-i-luchshee-iz-dvuhnedelnika-rezhissyorov/;1
http://artdocfest.com/news/382;1
http://artdocfest.com/news/384;1
https://rg.ru/2018/09/26/reg-dfo/stiven-sigal-zahotel-stat-gubernatorom-primorskogo-kraia.html;1
https://ru.hellomagazine.com/zvezdy/novosti-o-zvezdakh/25680-aglaya-tarasova-andrey-merzlikin-i-kim-druzhinin-predstavili-film-tanki.html;1
http://thr.ru/cinema/mmkf-2018-tazelye-tragedii-raznogo-masstaba;1
https://primgazeta.ru/news/stalo-izvestno-kto-stanet-geroyami-kinotura-meridianov-tihogo-v-etom-godu-05-07-2018-03-23-22;1
https://tass.ru/kultura/5581875;1
https://www.colta.ru/articles/cinema/19131-chto-smotret-na-poslanii-k-cheloveku;1
https://meduza.io/feature/2018/11/28/po-vsey-strane-vlasti-sryvayut-kontserty-posmotrite-tablitsu-tam-uzhe-bolshe-20-sluchaev;1
https://www.pixability.com/insights-reports/how-travel-marketers-can-land-audiences-across-youtube-facebook-and-instagram/;1
https://www.youtube.com/watch?v=4Vi2yDiq_TE;1
https://www.youtube.com/watch?v=IWTvgZVWeB4;1
https://jrnlst.ru/podcasting;1
https://www.newyorker.com/magazine/2018/11/19/how-podcasts-became-a-seductive-and-sometimes-slippery-mode-of-storytelling;1
https://www.looper.com/115522/real-reasons-netflix-canceled-shows/;1
https://www.bbc.com/future/article/20180618-what-if-we-knew-when-we-were-going-to-die;1
https://www.kinopoisk.ru/media/article/3240260/;1
https://youtu.be/Ro0zZFMZhCU;1
https://internetinstitute.ru/detskii-runet-2018-otraslevoi-doklad/;1
https://www.ipcc.ch/site/assets/uploads/sites/2/2019/10/SR15_Glossary_russian.pdf;1
https://wciom.ru/index.php?id=236&uid=9181;1
https://www.rbc.ru/magazine/2018/07/5b4367479a79479ea6fda4ae;1
https://news.samsung.com/ru/íåâèäèìûå-ïåðâûé-vr-ñåðèàë;1
https://www.huffpost.com/entry/10-years-ago-screenwriters-went-on-strike-and-changed-television-forever_n_5a7b3544e4b08dfc92ff2b32?guccounter=1;1
https://variety.com/2018/tv/news/apple-peanuts-dhx-media-1203089976/;1
https://cyberleninka.ru/article/n/menyayuschayasya-rossiyskaya-mediaindustriya-teoreticheskie-podhody;1
https://cyberleninka.ru/article/n/osobennosti-funktsionirovaniya-rossiyskogo-mediarynka-v-usloviyah-globalizatsii-informatsionnogo-prostranstva;1
https://cyberleninka.ru/article/n/smm-marketing-osobennosti-prodvizheniya;1
https://cyberleninka.ru/article/n/smm-kak-element-strategii-razvitiya-predpriyatiya;1
https://cyberleninka.ru/article/n/virtualnaya-realnost-i-mediarelnost-tendentsii-i-prognozy-evolyutsii-mediasistemy;1
https://cyberleninka.ru/article/n/rol-sovremennyh-instrumentov-marketingovyh-kommunikatsiy-dlya-razvitiya-mediaindustrii;1
https://rusability.ru/internet-marketing/smm-2018-statistika-trendy-sovety/;1
https://www.hse.ru/data/2018/08/20/1154812142/ICE2018.pdf.pdf;1
https://vc.ru/services/55798-spisok-samye-populyarnye-prilozheniya-v-rossii-v-2018-godu;1
https://www.nngroup.com/articles/visibility-system-status/;1
http://intellaw.org.ua/copyright_pfoto.pdf;1
http://contentmarketinginstitute.com/what-is-content-marketing/;1
http://gefter.ru/archive/8000;1
https://cyberleninka.ru/article/n/internet;1
http://articult.rsuh.ru/section.html?id=10199;1
https://yukaichou.com/gamification-study/converting-free-users-paid-gamification-autodesk-gsummit-sf-2013/;1
https://www.slashfilm.com/watch-the-irishman-table-read-and-directing-featurette/;1
https://mw2013.museumsandtheweb.com/paper/diving-into-the-museums-social-media-stream/;1
https://www.thelocal.se/20130109/45514;1
https://cyberleninka.ru/article/n/rol-sovremennoy-multiplikatsii-v-vospitanii-rebenka;1
http://cyberleninka.ru/article/n/posetitel-na-ekspozitsii-kak-obekt-muzeologicheskogo-issledovaniya;1
https://www.youtube.com/watch?v=X6p5AZp7r_Q&list=PLn4ob_5_ttEaA_vc8F3fjzE62esf9yP61;1
https://cyberleninka.ru/article/n/analiz-rosta-populyarnosti-muzykalnyh-klipov-opublikovannyh-na-servise-videohostinga-youtube-na-primere-kompozitsii-daft-punk-get-lucky;1
https://www.vologda.kp.ru/daily/26114/3009293;1
https://www.forbes.ru/-opinion/51941-mmkf-poteryal-zritelya;1
https://ria.ru/20130827/958767887.html;1
https://tvkultura.ru/article/show/article_id/94333/;1
http://www.the-ebook.org/?p=20803#more-20803;1
https://theoryandpractice.ru/posts/8183-marshall_playboy;1
https://www.makeuseof.com/tag/the-evolution-of-the-podcast-how-a-medium-was-born-geek-history/;1
http://www.mn.ru/culture/87098;1
https://rgsu.net/about/science/publishing/magazine/2013UZ/2013UZ_1664.html;1
http://www.zircon.ru/upload/iblock/4de/Semeynie_cennosti_v_SMI_Analiticheskoe_resume.23.10.13.pdf;1
https://cyberleninka.ru/article/n/tsifrovoe-mediaprostranstvo-v-paradigme-institutsionalnogo-i-sotsialnogo;1
https://www.constructionbusinessowner.com/marketing/power-audio-branding;1
http://www.mediascope.ru/2386;1
https://onlinelibrary.wiley.com/doi/abs/10.1002/pa.1657?casa_token=PldGpnwi230AAAAA%3Ay6hHW1iBAaYoSIPIW7vl5huqd7vqyez3tJ9Nw_2q97718eIvrSRhB4zBgwbMa3YvZ7bTXgre7NC5Rj0;1
https://www.facebook.com/tintorero/posts/10157087081938327?pnref=story;1
https://cyberleninka.ru/article/n/osobennosti-ispolzovaniya-instrumentov-internet-marketinga-na-b2b-i-b2c-rynkah;1
https://ria.ru/20161130/1482482269.html;1
http://www.mediascope.ru/2375s;1
https://www.hse.ru/edu/vkr/206751352;1
https://bigenc.ru/text/5075067;1
https://cyberleninka.ru/article/n/kinokomiks-kak-mifotekst-sovremennoy-massovoy-kultury;1
https://doi.org/10.1086/692757;1
https://doi.org/10.1080/10810730.2016.1209598;1
https://the-flow.ru/news/oxxxymiron-booking-machine-ceo;1
https://www.rbc.ru/rbcfreenews/599168fc9a79478d12001df4;1
https://www.thetimes.co.uk/article/hip-hop-star-oxxxymiron-uses-rap-for-russian-culture-debate-86wbprlz9;1
https://www.youtube.com/watch?v=Bf9zvyPachs;1
https://www.youtube.com/watch?v=QXijtvUOhX4&t=1s;1
https://www.youtube.com/watch?v=admcvvTMRtU&t=1239s;1
https://www.youtube.com/watch?v=OTVDu2rrG90&t=25s;1
https://www.youtube.com/watch?v=wg-TMymYSwE&t=1s;1
https://www.youtube.com/watch?v=wpfpey_0G5A&t=3s;1
https://the-flow.ru/news/face-ya-ronyayu-zapad;1
https://www.the-village.ru/village/weekend/weeknd-interview/284326-face;1
https://www.youtube.com/watch?v=mmid_NMUoFg&feature=youtu.be&t=47m59s;1
https://tass.ru/lyudi-i-veschi/6820938;1
https://cyberleninka.ru/article/n/osobennosti-raboty-krizisnyh-tsentrov-s-zhenschinami-postradavshimi-ot-semeynogo-nasiliya/viewer;1
https://life.ru/p/965426;1
https://www.who.int/ru/news-room/fact-sheets/detail/violence-against-women;1
https://postnauka.ru/video/72615;1
https://www.canalys.com/newsroom/media—alert—virtual—reality—headset—shipments—top—1—million—first—time;1
https://www.gamasutra.com/blogs/EikeLangbehn/20171106/309037/;1
http://www.theesa.com/wp—content/uploads/2017/09/EF2017;1
https://halshs.archives—ouvertes.fr/halshs—01469374/document;1
https://www.roscosmos.ru/23842/;1
https://spacemen.tass.ru/;1
https://www.youtube.com/watch?v=H0bVWh0L54Q;1
https://www.colta.ru/articles/cinema/14936-50-ottenkov-rodiny;1
https://seance.ru/articles/artdocfest-vs-green-men/;1
https://primgazeta.ru/news/top-s-fil-mov-smeridianov-tihogos-ot-programmnogo-direktora-yuriya-goncharova1505194226;1
https://tass.ru/kultura/4566828;1
https://tlgg.ru/seance_light/42;1
https://www.colta.ru/articles/cinema/16137-erik-roberts-samoe-zamechatelnoe-v-indi-kino-zdes-ne-nuzhno-umet-snimat;1
https://www.colta.ru/news/15460-frederik-begbeder-voydet-v-zhyuri-festivalya-poslanie-k-cheloveku;1
https://www.kinopoisk.ru/media/article/2987498/;1
https://ru.hellomagazine.com/kino-i-televidenie/kino/21261-afisha-mmkf-2017-novovvedeniya-i-samye-interesnye-filmy-festivalya.html;1
https://ria.ru/20170710/1498191974.html;1
https://https://www.huffingtonpost.co.uk/entry/7-body-positive-instagram-accounts-to-follow-for-an-instant-confidence-boost_uk_5a0d6bf0e4b0c0b2f2f7df0e;1
https://www.instyle.com/reviews-coverage/social-;1
https://www.youtube.com/watch?v=kJQP7kiw5Fk;1
http://art-mumu.ru/interesnye-materialy/dzhank-art-stimpank-i-drugoe-iskusstvo-v-muzee-musora-mu-mu/;1
https://research-journal.org/politology/informacionnoe-osveshhenie-ekologicheskoj-politiki-rosijskoj-federacii/;1
https://cyberleninka.ru/article/n/krug-smezhnyh-prav-v-mezhdunarodnom-prave-i-natsionalnyh-pravovyh-sistemah;1
https://www.nme.com/blogs/tv-blogs/watching-skam-tumblrs-talked-tv-show-2017-2168642;1
http://henryjenkins.org/blog/2017/04/;1
https://www.sakharov-center.ru/index.php/news/2017/593.html;1
http://www.dark-area.ru/veb-serialy-webseries/;1
https://cyberleninka.ru/article/n/podhody-k-formirovaniyu-metodologii-otsenki-effektivnosti-razrabotki-i-vnedreniya-mobilnyh-prilozheniy;1
https://moluch.ru/archive/144/40388/;1
https://cyberleninka.ru/article/n/issledovanie-rynka-mobilnyh-prilozheniy-dlya-otsenki-dvigatelnoy-aktivnosti-cheloveka;1
https://cyberleninka.ru/article/n/smm-prodvizhenie-kak-effektivnyy-instrument-internet-marketinga;1
https://www.nngroup.com/articles/aesthetic-usability-effect/;1
https://www.nngroup.com/videos/jakobs-law-internet-ux/;1
http://www.mediascope.ru/%D0%BD%D0%BE%D0%B2%D1%8B%D0%B5-%D0%BC%D0%B5%D0%B4%D0%B8%D0%B0%D0%BF%D0%BB%D0%B0%D1%82%D1%84%D0%BE%D1%80%D0%BC%D1%8B;1
https://doi.org/10.1109/CSE.2009.142;1
http://ocw.mit.edu/courses/mathematics/18-409-topics-in-theoretical-computer-science-an-algorithmists-toolkit-fall-2009/lecture-notes/MIT18_409F09_scribe3.pdf;1
http://mashable.com/2009/05/20/twitter-personal-Brand/;1
https://cyberleninka.ru/article/n/preimuschestva-sovremennyh-innovatsionnyh-klasterov;1
https://www.bfi.org.uk/sites/bfi.org.uk/files/downloads/redefining-the-independent-film-value-chain.pdf;1
https://seance.ru/articles/tochka-nevozvrata/;1
https://www.kommersant.ru/doc/1188794;1
https://cyberleninka.ru/article/n/yavlenie-klippinga-v-sovremennoy-massovoy-kulture-opyt-kulturologicheskogo-analiza;1
https://www.annualreviews.org/doi/10.1146/annurev.resource.050708.144249;1
https://www.newsarama.com/3681-lonelygirl15-co-creator-miles-beckett-the-future-of-stories.html;1
https://gigaom.com/2009/05/20/welcome-back-sam-has-7-friends-um-so-whered-you-go/;1
https://cyberleninka.ru/article/n/sredstva-massovoy-informatsii-kak-vozdeystvuyuschaya-kommunikatsiya;1
https://www.marketingcharts.com/industries/media-and-entertainment-18330;1
http://www.mediascope.ru/node/853;1
https://cyberleninka.ru/article/n/nasha-pechal-nashe-hrupkoe-muzhestvo-muzeefikatsiya-i-novaya-muzeologiya;1
https://reutersinstitute.politics.ox.ac.uk/our-research/medical-and-health-news-and-information-uk-media;1
https://www.socionauki.ru/journal/articles/136108/;1
https://doi.org/10.1086/658148.;1
https://cyberleninka.ru/article/n/o-tipologii-verbalno-ikonicheskih-tekstov-muzykalnyh-klipov;1
https://expert.ru/2011/04/12/vladivostok---kannyi/;1
https://moluch.ru/archive/31/3603/;1
http://runova08.ru/cheloek/vik-mums-i-ego-sborshhiki-musora/;1
https://cyberleninka.ru/article/n/analiz-sovremennogo-rossiyskogo-media-rynka-kak-obekta-informatsionnoy-bezopasnosti;1
https://cyberleninka.ru/article/n/mediarealnost-v-kontekste-sotsiokulturnoy-globalizatsii;1
https://www.chicagotribune.com/news/ct-xpm-1990-09-23-9003190603-story.html;1
https://mamardashvili.com/archive/interviews/timespace.html;1
https://www.lrb.co.uk/the-paper/v29/n22/slavoj-zizek/resistance-is-surrender;1
https://doi.org/10.1111/j.1083-6101.2007.00396.x;1
https://doi.org/10.1086/518544.;1
https://hbr.org/2007/12/the-four-truths-of-the-storyteller;1
http://jenovachen.info/design—flow;1
https://doi.org/10.1016/b978-012656755-7/50011-5;1
https://www.theguardian.com/media/2004/feb/12/broadcasting.digitalmedia;1
https://www.awn.com/animationworld/pink-panther-phenomenon;1
https://www.vedomosti.ru/business/articles/2020/04/09/827698-top-10-rossiiskih-onlain-magazinov;1
https://www.frontiersin.org/articles/10.3389/fpsyg.2020.00074/full;1
https://wearesocial.com/blog/2020/01/digital-2020-3-8-billion-people-use-social-media;1
https://www.pwc.ru/ru/banking/publications/_FinTech20.;1
https://www.slideshare.net/DataReportal/digital-2020-.;1
https://cmxhub.com/community-industry-trends-report-2020/;1
https://clck.ru/Ltd7B;1
https://clck.ru/NQ3XC;1
https://clck.ru/MHanP;1
https://www.aventri.com/strategy/event-marketing-strategy#;1
https://www.emarketer.com/Article/Google-Facebook-Tighten-Grip-on-US-Digital-Ad-Market/1016494;1
https://digiday.com/media/die-welt-grown-nearly-80000-digital-subscribers/;1
https://www.recode.net/2017/5/4/15550052/new-york-times-subscription-advertising-revenue-chart;1
https://www.theatlantic.com/business/archive/2017/11/media-apocalypse/546935/;1
http://www.niemanlab.org/2018/02/learning-from-the-new-yorker-wireds-new-paywall-aims-to-build-a-more-stable-financial-future/;1
https://investors.nytco.com/investors/investor-news/investor-news-details/2017/The-New-York-Times-Company-Reports-2017-First-Quarter-Results/default.aspx;1
https://www.niemanlab.org/2019/03/the-new-york-times-wants-to-know-your-religion-marital-status-insta-handle-hobbies-areas-of-expertise/;1
https://digiday.com/media/get-10m-subscribers-new-york-times-focusing-churn/;1
https://www.cbinsights.com/research/venture-capital-media-news/;1
https://innovation.media/newswheel/what-content-triggers-a-subscription;1
https://www.mediapost.com/publications/article/236256/why-a-column-about-native-advertising.html;1
https://themedia.center/2015/06/16/nativnaya-reklama-razocharovyivaet-tret-polzovateley/;1
https://republic.ru/posts/90042;1
https://pastenow.ru/8ND7R;1
https://cmd-journal.hse.ru/article/view/10740;1
http://aroundart.org/2016/09/26/somneniya-v-muzee/;1
https://www.colta.ru/articles/raznoglasiya/10436-muzey-sovremennogo-iskusstva-kak-ritual-pozdnego-kapitalizma-ikonograficheskiy-analiz#name5;1
http://www.kunstkamera.ru/exposition/kunst_hist/01/;1
http://xz.gif.ru/numbers/67-68/inst-vlasti/view_print/#link6;1
https://www.swedishnomad.com/fastest-internet-in-the-world/#Fastest_mobile_internet_speed_in_the_world;1
https://www.grammy.com/grammys/news/lil-nas-x-bts-billy-ray-cyrus-diplo-more-perform-2020-grammys;1
https://wciom.ru/index.php?id=236&uid=9243;1
https://i-m-i.ru/post/stay-home-compilation;1
https://www.youtube.com/watch?v=PbSNw4KYJP0&t=3223s;1
https://clck.ru/NQScW;1
https://ria.ru/20200408/1569774223.html;1
https://clck.ru/NQBG7;1
https://clck.ru/NQB7Q;1
https://clck.ru/NQBeF;1
https://clck.ru/NQAuq;1
http://news.bbc.co.uk/2/hi/business/4968814.stm;1
https://doi.org/10.1111/stan.12208;1
https://ria.ru/20200219/1564976980.htmls;1
https://www.interfax.ru/russia/698397;1
https://www.kommersant.ru/doc/4300554;1
https://www.vedomosti.ru/politics/articles/2020/03/02/824236-putin-konstitutsiya;1
https://www.youtube.com/watch?v=fTDWZWOClJI;1
https://www.the-village.ru/village/city/news-city/376175-kotlety-v-konstitutsii;1
https://www.the-village.ru/village/city/situation/378295-karantin?from=newandbest;1
https://tass.ru/obschestvo/8259403;1
https://www.youtube.com/watch?v=dEOav_yD378&t=270s;1
https://spbdnevnik.ru/news/2020-04-14/bloger-iz-sanktpeterburga-pozhertvoval-bezdomnym-1-mln-rubley;1
https://www.rbc.ru/politics/20/02/2020/5e4e5a1f9a7947369ffdc8b2;1
https://www.the-village.ru/village/city/news-city/373887-delo-seti;1
https://www.youtube.com/channel/UCMCgOm8GZkHp8zJ6l7_hIuA/about;1
https://www.the-village.ru/village/city/news-city/374165-vdud-hiv;1
https://www.the-village.ru/village/city/news-city/374559-gosduma-smotrit-dudya;1
https://www.youtube.com/watch?v=sDCSAECg9js;1
https://ria.ru/20200124/1563848011.html;1
https://ria.ru/20200121/1563660245.html;1
https://radiosputnik.ria.ru/20200119/1563596056.html;1
https://www.gazeta.ru/culture/2019/12/30/a_12891494.shtml;1
https://www.youtube.com/watch?v=_eWj64WfgXw;1
https://www.youtube.com/watch?v=zDu5qDFe1FE;1
https://www.ntv.ru/novosti/2283043/;1
https://ria.ru/person_alena-vodonaeva/;1
https://www.kommersant.ru/doc/4225234;1
https://www.kommersant.ru/doc/4226337;1
https://www.youtube.com/watch?v=nouD_CEu5w4;1
https://www.youtube.com/watch?v=jei9-Kfmd9w;1
https://meduza.io/feature/2020/02/11/veduschaya-alena-vodonaeva-rezko-vyskazalas-o-rozhdaemosti-v-rossii-teper-ee-kritikuet-rukovodstvo-strany-a-politsiya-izuchaet-ee-instagram;1
https://www.youtube.com/watch?v=uhGi2hfeUBg;1
https://www.youtube.com/user/AlyonaVodonaeva/videos;1
https://www.websitehostingrating.com/ru/twitter-statistics/;1
https://datareportal.com/reports/digital-2020-global-digital-overviews;1
https://convene.com/catalyst/famous-ceos-research/;1
https://twitter.com/elonmusk;1
https://www.britannica.com/biography/Elon-Musk;1
https://www.entrepreneur.com/article/346248;1
https://www.cnbc.com/2020/01/30/elon-musk-i-really-didnt-want-to-be-ceo-of-tesla.html;1
https://www.vedomosti.ru/media/news/2020/04/25/828983-todorenko;1
https://apps.apple.com/ru/app/n-n/id1135835949;1
https://pr-cy.ru;1
https://regnum.ru/news/society/2908291.html;1
https://finance.rambler.ru/realty/43850431-dolya-netflix-na-rossiyskom-rynke-onlayn-kinoteatrov-za-proshlyy-god-sostavila-4/?updated;1
https://www.ridus.ru/news/321814;1
https://lenta.ru/news/2020/04/26/todorenko/;1
https://360tv.ru/news/obschestvo/mitropolit-illarion-opravdanie-sester-hachaturjan-mozhet-stat-pooschreniem-samosuda/;1
https://ruskline.ru/news_rl/2020/04/09/mnogie_sidyat_doma_aktivizirovalas_propaganda_antisemeinogo_zakonas;1
https://pr-cy.ru/site-statistics/;1
https://meduza.io/news/2020/03/11/harvi-vaynshteyna-prigovorili-k-23-godam-tyurmy;1
https://www.vedomosti.ru/media/articles/2020/03/10/824838-vainshteina-otpravili-v-tyurmu;1
https://slovodel.com/549511-cyganov-uveren-chto-zakon-o-domashnem-nasilii-prodvigayut-feministki;1
https://www.rzd-partner.ru/logistics/news/v-2020-godu-industriyu-onlayn-dostavki-edy-ozhidaet-sredniy-rost-v-47-na-fone-pandemii-koronavirusa/;1
https://www.finam.ru/analysis/marketnews/yandeks-eda-i-delivery-club-pokazhut-uskorenie-rosta-vyruchki-v-1-kvartale-2020-20200319-13450/;1
https://twitter.com/nonaformalin/status/1249637715903156227;1
https://twitter.com/YandexEda/status/1243544419103649798;1
https://www.facebook.com/yandex.eda/;1
http://kremlin.ru/events/president/news/62582sÏðîñìîòðåíî:;1
https://www.un.org/sustainabledevelopment/ru/sustainable-development-goals/sÏðîñìîòðåíî:;1
https://variety.com/2020/digital/news/netflix-2020-content-spending-17-billion-1203469237/;1
https://www.sxsw.com/film/2020/amazon-prime-video-sxsw-film-fest-collection-april-27/;1
https://www.starwars.com/news/star-wars-the-high-republic;1
https://vc.ru/marketing/106865-samye-populyarnye-socialnye-seti-v-rossii-v-2020-godu;1
https://unity3d.com/ru/real—time—rendering—3d;1
https://www.dictionary.com/browse/red-herring;1
http://gamestudies.org/0101/eskelinen;1
https://youtu.be/LIqhcVakm6I;1
https://www.youtube.com/watch?v=UmNuEgsTtvU;1
https://digitalliteraci.es/;1
https://www.web-canape.ru/business/internet-2020-globalnaya-statistika-i-trendy/s;1
https://nafi.ru/analytics/tsifrovaya-gramotnost-rossiyan-issledovanie-2020/s;1
https://www.youtube.com/watch?v=MPnWbj70TTY&t=1734s;1
https://www.levada.ru/indikatory/odobrenie-organov-vlasti/;1
https://kinoart.ru/texts/otechestvo-i-chelovechestvo-vesternizatsiya-postsovetskogo-zhanrovogo-kino;1
https://www.bolshoi.ru/en/performances/921/;1
http://www.oistrakh.ru/en/david_oistrakh/biography/;1
http://emg.fm/history;1
https://www.telegraph.co.uk/technology/0/best-music-streaming-services-apple-music-spotify-amazon-music/;1
https://www.radiotimes.com/news/2020-03-19/eurovision-2020-russia-entry-little-big/;1
https://eurovisionworld.com/eurovision/russia;1
https://metro.co.uk/2020/03/13/russias-eurovision-little-big-uno-video-12394385/;1
https://www.forbes.ru/forbeslife/397723-my-lishilis-100-pribyli-ot-koncertov-lider-gruppy-little-big-o-tom-kak-izmenitsya;1
https://www.kommersant.ru/doc/4314419;1
https://ru.wikipedia.org/wiki/%D0%93%D0%BE%D1%81%D0%BA%D0%BE%D0%BD%D1%86%D0%B5%D1%80%D1%82;1
https://esquire.ru/relaxation/161163-ilya-prusikin-little-big-o-lyubimoy-muzyke-bezumnyh-ideyah-dlya-klipov-i-rossiyskom-youtube/#part8;1
http://pacificmeridianfest.ru/fest/partners#;1
https://ru.hellomagazine.com/images/2018/20190326_Hello_mediakit_rus.pdf;1
https://www.proficinema.ru/about.php;1
https://sproutsocial.com/insights/instagram-stats/;1
https://www.disneytravelagents.com/;1
https://instastatistics.com/;1
https://thepreviewapp.com/track-instagram-analytics-spy-instagramaccount/;1
https://lenta.ru/news/2003/07/05/blast1/;1
http://constitutionrf.ru/rzd-1/gl-2/st-29-krf;1
https://www.youtube.com/watch?v=jOpow-18GOs&t=5487s;1
https://www.benchmarkemail.com/blog/can-use-ai-boost-email-marketing-strategy-3-brands-right/;1
https://www.forbes.ru/partnerskie-materialy-photogallery/373321-kto-takie-millenialy-i-kak-oni-vliyayut-na-imidzh;1
https://www.grayling.com/global/en/insight/grayling_launches_white_paper_on_museum_and_brand_collaborations;1
https://www.instagram.com/explore/tags/garagemca/;1
https://www.instagram.com/explore/tags/mamm/;1
https://www.instagram.com/explore/tags/theartsmuseum/;1
https://www.mos.ru/news/item/19768073/;1
https://www.unisender.com/ru/blog/novosti/infografika-osnovnye-metriki-email-marketinga-v-chislah;1
https://vk.com/wall-9325174_14413;1
https://vk.com/wall-9325174_14421;1
https://www.youtube.com/watch?v=_MU73rsL9qE&feature=youtu.be;1
https://vc.ru/future/109699-internet-2020-v-rossii-i-mire-statistika-itrendy;1
https://www.youtube.com/watch?v=zYl_kSDX-d0;1
https://www.the-village.ru/village/people/experience/380681-kommunalka-na-karantine;1
https://www.cartoonbrew.com/business/adult-animation-is-now-the-fastest-growing-animation-category-report-188186.html;1
https://cyberleninka.ru/article/n/k-voprosu-o-marketingovoy-klassifikatsii-mobilnyh-prilozheniy;1
https://meduza.io/feature/2020/01/04/2010-2020-samoe-dramaticheskoe-desyatiletie-runeta;1
https://socialidea.ru/2020/social-idea;1
https://www.gks.ru/folder/12781;1
https://sportsshow.net/most-popular-sports-in-america/.;1
https://agilemanifesto.org;1
https://artifex.ru/ñêóëüïòóðà/ëóèçà-áóðæóà/;1
https://valiafetisov.com;1
https://drive.google.com/drive/folders/13n9_xrMBXd-afTLCvBBIbmFBedNrxWYH?usp=sharing;1
https://cyberleninka.ru/article/n/innovatsionnyy-potentsial-podkasta-kak-integrirovannoy-mediatehnologii;1
https://perezagruzka.tnt-online.ru;1
https://podium.friday.ru;1
https://www.vokrug.tv/product/show/snimite_eto_nemedlenno/;1
https://www.vokrug.tv/product/show/top-model_po-russki/;1
https://www.facebook.com/VogueRussia/;1
https://flacon-magazine.com;1
https://www.instagram.com/afishabeauty/;1
https://www.instagram.com/voguerussia/s;1
http://www.sncmedia.ru;1
https://vk.com/voguerussia;1
https://www.youtube.com/user/thevoguerussia;1
https://www.bravotv.com/project-runway;1
https://www.bl.uk/collection-items/gallery-of-fashion;1
https://www.condenast.ru/portfolio/magazines/vogue/history/;1
https://www.britannica.com/topic/Cosmopolitan-magazine;1
https://www.harpersbazaar.com/culture/features/a18658/history-of-harpers-bazaar/;1
https://www.imdb.com/title/tt0363307/;1
https://www.vogue.ru;1
https://www.vogue.com/article/carine-roitfeld-amfar-runway-show-youtubes;1
https://zeh.media/praktika/obrazovaniye/9124305-kak-zapustit-svoy-veb-serial-s-mikro-byudzhetom-rasskazyvayet;1
https://s3.amazonaws.com/files.appannie.com/reports/2001_State_of_Mobile_2020_Main_EN.pdf;1
https://www.business-gazeta.ru/article/453039;1
https://www.interaction-design.org/literature/article/hick-s-law-making-the-choice-easier-for-users;1
https://i-m-i.ru/post/audiobranding;1
https://acgi.ru/news/industry/tatyana-bakalchuk-wildberries-schitaem-chto-postavshchik-razbiraetsya-v-svoey-produktsii-luchshe-nas/;1
https://www.youtube.com/playlist?list=PLoQVUgEFJ28wo6DX9ChholgcBFK85miUq;1
https://www.youtube.com/watch?v=TKLjCRiVhfs;1
https://www.youtube.com/watch?v=4rghNDbzS3U;1
https://mediascope.net/upload/iblock/f97/18.04.2019_Mediascope_Åêàòåðèíà%20Êóðíîñîâà_ÐÈÔ+ÊÈÁ%202019.pdf;1
https://gorodarus.ru/dolgoprudnyj.htmls;1
https://adindex.ru/news/researches/2020/01/31/279137..;1
https://www.slideshare.net/wearesocial/digital-in-201.;1
https://wearesocial.com/blog/2019/01/digital-2019-glo.;1
https://markswebb.ru/report/internet-banking-rank-201.;1
https://www.fisglobal.com/pace;1
https://investor.qiwi.com/news-releases/news-release-.;1
https://www.usertesting.com/blog/what-is-ux-design-15-user-experience-experts-weigh-in;1
http://www.youtube.com/watch?v=4MgAxMO1KD0&feature=relmfu;1
http://www.chinadaily.com.cn/a/202002/05/WS5e3a699da310128217275266.html;1
https://www.youtube.com/watch?v=Z7_SEWmkDjE;1
https://www.facebook.com/4/posts/1010634083447867;1
https://clck.ru/NQ6uo;1
https://clck.ru/NQ7Di;1
https://ssrn.com/abstract=2696236;1
https://mediascope.net/upload/iblock/423/17.04.2019_Mediascope_%D0%9A%D1%81%D0%B5%D0%BD%D0%B8%D1%8F%20%D0%90%D1%87%D0%BA%D0%B0%D1%81%D0%BE%D0%B2%D0%B0_%D0%A0%D0%98%D0%A4+%D0%9A%D0%98%D0%912019.pdf;1
https://votesmart.appspot.com/;1
https://blog.rescuetime.com/screen-time-stats-2018/;1
https://www.pewresearch.org/global/2019/02/05/smartphone-ownership-is-growing-rapidly-around-the-world-but-not-always-equally/;1
http://www.akarussia.ru/press_centre/news/id9103;1
https://www.autostat.ru/news/42597/;1
http://www.digitalnewsreport.org/publications/2019/pay-models-2019-update/;1
https://www.cnbc.com/2020/01/15/new-york-times-says-2019-was-a-record-year-for-digital-growth.html;1
https://data-flair.training/blogs/big-data-in-media-and-entertainment/;1
https://www.tandfonline.com/doi/full/10.1080/10572252.2019.1634766;1
https://medialandscapes.org/;1
https://www.nielsen.com/us/en/insights/report/2019/total-consumer-report-2019/;1
https://newzoo.com/insights/articles/the-global-games-market-will-generate-152-1-billion-in-2019-as-the-u-s-overtakes-china-as-the-biggest-market/;1
http://www.theartnewspaper.ru/posts/6932/;1
https://goo-gl.ru/6iJI;1
https://www.koreatimes.co.kr/www/art/2019/01/732_261877.html;1
https://themusicnetwork.com/deep-dive-k-pop-industry/;1
https://cyberleninka.ru/article/n/obraz-evropy-v-sovremennom-yuzhnokoreyskom-teleseriale-territoriya-iskusstva-territoriya-skazki;1
https://www.ifpi.org/news/IFPI-GLOBAL-MUSIC-REPORT-2019;1
https://tjournal.ru/tv/150573-analitiki-telecom-daily-netflix-zarabotal-v-rossii-bolee-milliarda-rubley-za-2019-god;1
https://www.mos-gorsud.ru/mgs/services/cases/board-civil/details/6a8cb0d0-0c8e-45b6-9f05-b72e0b464c56?participants=Ýêñìî;1
https://meduza.io/feature/2019/09/10/molchanie-uzhe-perestalo-byt-spasitelnym-oberegom-programmnaya-rech-yuriya-dudya-o-politseyskom-proizvole-i-falsifikatsiyah-na-vyborah;1
https://www.youtube.com/watch?v=vz29L_tPsqY;1
https://novayagazeta.ru/news/2019/07/16/153381-konstantina-yankauskasa-ne-dopustili-do-vyborov-v-mosgordumu;1
https://www.the-village.ru/village/city/situation/362571-moscow-case-profile;1
https://meduza.io/feature/2019/09/17/rossiyskie-aktery-ustroili-fleshmob-v-podderzhku-pavla-ustinova-osuzhdennogo-po-moskovskomu-delu;1
https://www.svoboda.org/a/30240288.html;1
https://www.the-village.ru/village/city/comments/357943-shulman-gelman;1
https://www.vedomosti.ru/politics/articles/2020/04/02/826921-putin-rasshiril-polnomochiya;1
https://vc.ru/social/77733-yanehotelaumirat-virusnyy-effekt-socialnoy-akcii;1
https://twitter.com/spoontamer/status/1137436817035341825;1
https://the-flow.ru/news/loqie-speaks-at-telegram-rally;1
https://t.me/thevillagemsk/5673;1
https://www.instagram.com/p/ByhnZv3ILMe/?utm_source=ig_embed;1
https://www.vedomosti.ru/politics/news/2019/08/10/808530-oxxxymiron-prishel;1
https://www.instagram.com/p/B2q_jhdjYOq/;1
https://www.facebook.com/yury.dud/posts/10215538506836649;1
https://www.znak.com/2017-09-11/navalnyy_obyasnil_pochemu_ne_podderzhal_proekt_obedinennye_demokraty_gudkova;1
https://meduza.io/feature/2019/09/10/vse-kak-u-lyudey;1
https://www.the-village.ru/village/weekend/music/324057-face;1
https://zona.media/theme/motuznaya#more;1
https://the-flow.ru/news/oxxxymiron-miting-vk;1
https://www.bbc.com/russian/news-48274540;1
https://twitter.com/norimyxxxo/status/1128768516474179585;1
https://twitter.com/norimyxxxo/status/1137277525711831041?lang=ru;1
https://www.instagram.com/p/BycZUUFlKbM/;1
https://twitter.com/norimyxxxo/status/1137443510595010565;1
https://twitter.com/meduzaproject/status/1137374858206167041;1
https://www.instagram.com/p/B08GwcVlQcZ/;1
https://www.instagram.com/p/B1OMSnIlMUT/;1
https://www.rbc.ru/politics/15/08/2019/5d54c11c9a79476cbf7793fb?from=from_main;1
https://the-flow.ru/news/otrkytoe-pismo-ot-russkogo-repa;1
https://www.instagram.com/p/B3Sg8g4lv-x/;1
https://www.youtube.com/watch?v=7JrIAY5G7jE;1
https://www.youtube.com/watch?v=Bj7q5VAf8-w;1
https://www.youtube.com/watch?v=oo1WouI38rQ&t=257s;1
https://www.youtube.com/watch?v=c0Q9KG4I-pc;1
https://www.youtube.com/watch?time_continue=105&v=EBYOiotcx3I;1
https://www.kompravda.eu/daily/27026.7/4089084/;1
https://www.facebook.com/dmitriy.sokolovmitrich/posts/2390167981071404;1
https://t.me/MedvedevVesti/1255;1
https://life.ru/p/1240578;1
https://fedpress.ru/news/77/society/2309822;1
https://www.instagram.com/p/ByaNnzzFFIt/;1
https://www.instagram.com/p/BycyYMcFLUy/;1
https://www.instagram.com/p/By94KY1la4Y/;1
https://www.instagram.com/p/Bz2q03llDkf/;1
https://www.instagram.com/p/B0YazzYFC4J/;1
https://www.instagram.com/p/B05tMy3lst-/;1
https://www.instagram.com/p/B2goKiFlisS/;1
https://www.instagram.com/p/B5tD7m-lR3Q/;1
https://www.youtube.com/watch?v=OqgbeZAUOLY;1
https://www.svoboda.org/a/30158625.html;1
https://www.youtube.com/watch?v=6AZJ7jvWQWw;1
https://echo.msk.ru/blog/partofair/2500935-echo/;1
https://twitter.com/stalingulag/status/1171510335582326785;1
http://actualcomment.ru/dud-stanovitsya-politikom-eksperty-o-ego-vystuplenii-na-premii-gq-1909111328.html;1
https://news.ru/society/pozner-ne-schitaet-sobytiem-rech-dudya-o-bespredele-v-rossii/;1
https://ura.news/news/1052399090;1
https://www.gazeta.ru/politics/2019/09/11_a_12643237.shtml;1
https://www.youtube.com/watch?v=tFbnc_pbhoo;1
https://meduza.io/feature/2018/09/24/rossiya-eto-odin-bolshoy-mem?utm_source=twitter&utm_medium=main;1
https://the-flow.ru/news/ptaha-oxxxy-face-support-golunov;1
https://twitter.com/oldLentach/status/1157707703722139651;1
https://the-flow.ru/news/miting-bez-face-ic3peak-krovostok;1
https://www.youtube.com/watch?time_continue=240&v=5J9UVvzlkX4&feature=emb_logo;1
https://novayagazeta.ru/news/2019/08/29/154788-s-moskovskih-ulits-ubrali-afishi-kontsertov-repera-face-posle-ego-vystupleniya-na-mitinge-10-avgusta;1
https://the-flow.ru/news/afishi-face-propadayut;1
https://the-flow.ru/releases/face-12;1
https://www.cosmo.ru/stars/news/03-10-2019/semeynaya-zhizn-sostoit-ne-iz-odnih-strastnyh-nochey-alena-vodonaeva-o-razvode/;1
https://www.vokrug.tv/article/show/15732272741/;1
https://www.cosmo.ru/stars/news/15-11-2019/alena-vodonaeva-pokazala-kak-izmenilas-ee-figura-posle-razvrata-v-amerike/;1
https://teleprogramma.pro/stars/1158078-vsled-za-goloy-vodonaeva-vypustila-eshche-odnu-u3521/;1
https://www.instagram.com/p/B0d-J-iJb-4/;1
https://www.instagram.com/p/B6fHqH0IBkq/;1
https://www.instagram.com/p/B7WNVJhpAHv/;1
https://www.youtube.com/watch?v=inc-yVnRQu0;1
https://wciom.ru/index.php?id=236&uid=10022;1
https://m.habr.com/ru/company/it_people/blog/447226/;1
https://www.youtube.com/watch?v=im4SO9Nd7RE;1
https://nasiliu.net/i-shape-my-world/;1
https://www.kinopoisk.ru/film/1161271/;1
https://www.rbc.ru/rbcfreenews/5dd6844f9a794787117e082d?from=newsfeed;1
https://takiedela.ru/2019/12/spasibo-mama-silno-plakala/;1
http://www.facebook.com/profile.php?id=1370590051;1
https://www.facebook.com/zhbanova.anastasia/posts/10218354839645183;1
https://www.youtube.com/watch?v=Ypj988LBa7o;1
https://drgroup.ru/components/com_jshopping/files/demo_products/Demo.2434.PDF;1
https://www.youtube.com/watch?v=1_Q5k0bQWgQ&pbjreload=10;1
https://www.hollywoodreporter.com/review/marriage-story-review-1234560;1
https://meduza.io/feature/2019/11/28/irlandets-martina-skorseze-glavnyy-proekt-netflix-2019-goda-s-robertom-de-niro-i-al-pachino-v-glavnyh-rolyah;1
https://www.the-numbers.com/movie/Avengers-Endgame-;1
https://variety.com/2020/film/box-office/disney-global-box-office-2019-1203453364/;1
https://royalsocietypublishing.org/doi/full/10.1098/rsos.171474;1
https://www.pcgamer.com/steam—now—has—30000—games/;1
https://www.kickstarter.com/blog/1—billion—and—counting—pledged—to—games;1
https://kosmo—museum.ru/events/kosmos—v—videoigrah—kolonizatsiya—chuzhdogo;1
https://hi—news.ru/technology/hp—ryukzak—virtualnojrealnosti.html;1
https://mediascope.net/otc-rkn/;1
https://www.kinopoisk.ru/film/903831/box/;1
https://thewaltdisneycompany.com/the-walt-disney-company-reports-fourth-quarter-and-full-year-earnings-for-fiscal-2019/;1
http://www.fond-kino.ru/projects/podderzka-kinoteatrov-v-2019-godu/s;1
https://www.kinopoisk.ru/premiere/ru/2019/month/3/;1
https://www.studiobinder.com/blog/the-complete-pre-production-process/;1
https://www.web-canape.ru/business/vsya-statistika-interneta-na-2019-god-v-mire-i-v-rossii/;1
https://www.youtube.com/watch?v=S0bn18wSbI8;1
https://www.youtube.com/watch?v=rn2Y1r8uLZ4;1
https://www.youtube.com/watch?v=Mk8ee2F9iAc;1
https://www.youtube.com/watch?v=5lBsMFRGSOU;1
https://www.youtube.com/watch?v=oLecnhNt1V4;1
https://twitter.com/everywhereist/status/1134645039076823040;1
https://twitter.com/ComrieQuinn/status/1134967390406680576;1
https://www.facebook.com/mmflint/posts/10156278766436857;1
https://www.youtube.com/watch?v=Yk6swQ1pAkM;1
https://www.youtube.com/watch?v=4PAVr4V1suY;1
https://www.youtube.com/watch?v=uzmUmlxqytY&index=85;1
https://www.facebook.com/officialbenshapiro/videos/408191433177044/?v=408191433177044;1
https://incels.co/threads/every-incel-should-go-watch-joker-right-now.149342/;1
https://www.reddit.com/r/4chan/comments/ddp81t/anon_goes_to_see_joker/;1
https://www.youtube.com/watch?v=Kp1pUImNaz0&;1
https://www.youtube.com/watch?v=wxYBhrsrnTs&;1
https://www.youtube.com/watch?v=TIhrFfmKIic;1
https://www.youtube.com/watch?v=T1RRfAmMO_U&;1
https://www.youtube.com/watch?v=OVsXzh6OJNs&;1
https://banned.video/watch?id=5d991a5c3d6f3600130b693c;1
https://www.youtube.com/watch?v=4jPcogV29Hw;1
https://www.youtube.com/watch?v=8j1qu1C2KVw;1
https://www.facebook.com/av.kurpatov/videos/2476384632438239/;1
https://www.youtube.com/watch?v=uld6WZclTrY&t=345s;1
https://twitter.com/volkova__v/status/1186970009710542849;1
https://twitter.com/alinaarichi/status/1183038579498536960;1
https://www.youtube.com/watch?v=jFrYmQZamig;1
https://twitter.com/serayapijama/status/1188429077792862209;1
https://www.youtube.com/watch?v=au33UgMOtD0;1
https://www.youtube.com/watch?v=dIWaVyDYBiQ;1
https://www.youtube.com/watch?v=qm_6eQa-nZw;1
https://gks.ru/storage/mediabank/oper-10-2019.pdf;1
https://kinoart.ru/texts/resheniya-dolzhny-byt-zakonnymi-no-effektivnymi-kinoteatry-v-epohu-perestroyki;1
https://clck.ru/MuiAo;1
https://daily.afisha.ru/specials/14096-kinokritik-stanislav-zelvenskiy-o-kino-desyatyh/;1
https://daily.afisha.ru/specials/14095-politolog-ekaterina-shulman-o-politicheskoy-zhizni-desyatyh/;1
https://www.schmutzberlin.com/interview-with-shortparis/;1
https://thequietus.com/articles/26337-shortparis-interview;1
https://ifpi.org/media/downloads/GMR2019-en.pdf;1
https://www.kommersant.ru/doc/3967504?query=ìóçûêà;1
https://www.kommersant.ru/doc/3967219?query=ìóçûêà;1
https://i-m-i.ru/post/kak-rossiyskie-gruppy-prodvigayut-svoyu-muzyku-za-rubezhom;1
https://www.colta.ru/articles/music_modern/20291-motorama-blago-chto-molodezh-raznaya;1
https://cyberleninka.ru/article/n/vzaimodeystvie-kinematograficheskogo-i-pesennogo-diskursov-na-materiale-muzykalnyh-video-gruppy-muse;1
https://kinobusiness.com/news/40-y-mmkf-raspisanie-press-konferentsiy-i-gostey-na-26-aprelya/?sphrase_id=89341;1
https://tvrain.ru/lite/teleshow/artdokfest/artdokfest_rezhisser_aleksandr_mihalkovich_o_film_moja_babushka_s_marsa-497218/;1
https://vgik.info/today/creativelife/detail.php?ID=8941;1
https://www.youtube.com/watch?v=BQ7XVBbV1lg&feature=emb_title;1
https://kinoreporter.ru/gid-po-mmkf-2019-20-filmov-kotorye-nelzya-propustit/;1
https://rimamedia.ru/news/726552/;1
https://vk.com/wall-34866950_42293;1
https://www.dp.ru/a/2019/04/25/Kinosmotr_klassa_Ah;1
http://artdocfest.com/news/417;1
https://primgazeta.ru/news/otborschikrekomenduet-chto-neobhodimo-posmotret-na-meridianah-tihogo-v-godu-11-09-2019-07-18-49;1
https://tvrain.ru/lite/teleshow/artdokfest/kamennyj_gost-498118/;1
https://rg.ru/2019/09/14/reg-dfo/v-primore-proshla-premera-filma-vladimira-hotinenko-o-lenine.html;1
https://rg.ru/2019/09/16/skoro-kino-budet-mechtat-o-nedosiagaemoj-vysote-plintusa.html;1
https://rg.ru/2019/09/18/na-meridianah-tihogo-pokazali-filmy-lungina-i-agranovich.html;1
https://kinoreporter.ru/nikita-mihalkov-nam-udalos-sohranit-ljubov-k-festivalju/;1
https://tass.ru/kultura/6886614;1
https://meduza.io/feature/2019/08/29/stroit-zhizn-tolko-vokrug-muzhchiny-tupik;1
https://portal-kultura.ru/articles/obshchiy-plan/251514-mmkf-posetili-bolee-60-tysyach-zriteley/;1
http://artdocfest.com/news/438;1
https://t.me/micromedia666/10072;1
https://www.youtube.com/watch?v=FosrUDR7k0g;1
https://kinobusiness.com/news/khronika-41-go-mmkf-den-vtoroy/?sphrase_id=89341;1
https://www.facebook.com/pg/beatfilmfestival/photos/?tab=album&album_id=2408259559212278;1
https://hennesy.cc/54-kviff-winners-and-prizes-at-the-karlovy-vary-international-film-festival-2019/;1
https://www.sltrib.com/artsliving/2019/05/29/sundance-festivals/;1
https://www.zeit.de/2020/06/alfred-bauer-filmbuerokratie-nationalsozialismus-berlinale;1
https://www.locarnofestival.ch/pardo/professionals/press/Press-release/Chiusura_2019.html;1
https://moluch.ru/archive/243/56211/;1
https://www.1tv.ru/doc/stati/istoriya-rok-festivaley-dokumentalnyy-film-anons;1
https://www.youtube.com/watch?v=yaCcVs9GVo0;1
https://rating.hh.ru/profile/rating_poll2019/;1
https://www.youtube.com/watch?v=6ASD8gHrDeE;1
https://www.youtube.com/watch?v=VIH121I1rys;1
https://www.youtube.com/watch?v=zy39oprH02k;1
https://www.youtube.com/watch?v=DZvE5hBumYQ;1
https://kinoart.ru/opinions/poslednyaya-modernistskaya-revolyutsiya-kak-pyatyy-sezd-kinematografistov-pohoronil-sovetskiy-ofitsioz;1
https://www.youtube.com/watch?v=iCwuW3yClO4;1
https://www.vulture.com/2019/06/netflixs-podcasts-ambitions.html;1
https://time.com/5752400/adult-animation-golden-age/;1
https://tass.ru/obschestvo/7437247;1
https://cyberleninka.ru/article/n/desktopfilm-kak-hudozhestvennaya-model-kommunikatsii-v-tsifrovoy-srede;1
https://ioe.hse.ru/data/2019/04/04/1189087562/DOD_text_print.1.pdf;1
https://moluch.ru/archive/257/58859/;1
https://www.cossa.ru/news/251811/;1
https://tass.ru/obschestvo/6843075;1
https://docs.google.com/spreadsheets/d/1uVlUjA5qxqWQ84JwMMM82xDsN7NLE2SXk0318RinKy4/edit?usp=sharing;1
https://drive.google.com/file/d/1ZZ20XDINtJGzPd-ScFWUuj-aY0bvM3dT/view?usp=sharing;1
https://www.youtube.com/watch?v=Ps6aEdVhgQI&feature=youtu.be;1
http://www.magcloud.com/webviewer/1656671?__r=&s=v;1
https://www.prolificquarterly.us/post/pqs-you-th;1
http://www.obscuraemagazine.com/online-submissions/;1
https://comicconrussia.ru/news;1
https://www.vedomosti.ru/technology/articles/2019/10/02/812657-mediakompanii-zarabativayut-na-podkastah;1
https://jrnlst.ru/podcast-mediajobs;1
https://gks.ru/bgd/regl/b19_111/Main.htm;1
https://adindex.ru/news/researches/2019/11/28/277404.phtml;1
https://www.edisonresearch.com/wp-content/uploads/2019/03/Infinite-Dial-2019-PDF-1.pdf;1
https://www.sostav.ru/publication/podkasty-2019-41225.html;1
https://vc.ru/media/87340-kak-sdelat-prodvigat-i-monetizirovat-podkast;1
https://www.thredup.com/resale;1
https://www.edisonresearch.com/the-podcast-consumer-2019/;1
https://www.lafilmawards.net/june-2019;1
http://theshortfilmfestival.com/2019/06/27/may-2019-nominees/;1
https://www.washingtonpost.com/graphics/2019/entertainment/new-streaming-services-2019/?noredirect=on;1
https://cyberleninka.ru/article/n/etapy-sozdaniya-mediaprodukta-v-ramkah-studencheskoy-prakticheskoy-zhurnalistiki-ot-korotkoy-zametkido-mnogopolosnoy-publikatsii;1
https://cyberleninka.ru/article/n/razvitie-rossiyskogo-mediarynka-i-tsifrovoy-razryv;1
https://cyberleninka.ru/article/n/transformatsiya-potrebitelskih-praktik-v-kontekste-vozdei-stviya-novyh-media;1
https://vc.ru/marketing/46331-smm-v-2019-godu;1
https://www.sostav.ru/publication/mediarynok-2019-41012.html;1
https://regnum.ru/news/it/2826414.html;1
https://polygant.net/ru/blog/statistika-mobilnyh-prilozhenij-na-2019-god/;1
https://www.gazeta.ru/tech/news/2020/01/28/n_13968614.shtml;1
https://tass.ru/obschestvo/7622361;1
https://doi.org/10.1007/978-94-011-3532-0_2;1
https://www.independent.co.uk/arts-entertainment/music/features/jagger-vs-lennon-londons-riots-of-1968-provided-the-backdrop-to-a-rocknroll-battle-royale-792450.html;1
https://www.kp.ru/daily/26406/3281548/;1
http://www.metro2033.ru/books/;1
https://www.un.org/ru/documents/decl_conv/declarations/st_hr1_141.shtml;1
https://doi.org/10.1111/j.2041-6962.1997.tb00839.x.;1
https://doi.org/10.1016/0048-7333;1
https://buchanan.org/blog/1992-republican-national-convention-speech-148;1
http://www.evartist.narod.ru/text19/034.htm#%D0%B7_02_01_3;1
https://doi.org/10.1002/0470013192.bsa234;1
https://academic.regis.edu/ed205/kolb.pdf;1
https://www.wired.com/2005/12/oxford-dictiona/;1
https://www.criticalhit.net/entertainment/batman-1989-thirty-years-later-how-michael-keatons-casting-created-a-firestorm-of-controversy/;1
https://www.un.org/ru/documents/decl_conv/declarations/internal_affairs_decl.shtml;1
https://www.bbc.com/russian/russia/2010/03/100314_tbilisi_festival;1
https://www.marxists.org/subject/humanism/mills-c-wright/letter-new-left.htm;1
https://www.colta.ru/articles/music_modern/2883-megapolis-iz-zhizni-planet;1
http://www.irfanerdogan.com/dergiweb2008/24/12.pdf;1
https://doi.org/10.1119/1.2352241;1
https://aboutdata.ru/2017/04/27/volume-of-data-by-2025/;1
https://govbooktalk.gpo.gov/2014/03/10/the-history-of-ebooks-from-1930s-readies-to-todays-gpo-ebook-services/;1
https://doi.org/10.2307/3050792;1
http://full.sptl.spb.ru/ORIRK/TEATR_I_ISKUSSTVO/tii_1904_n_28.pdf;1
http://www.kremlin.ru/acts/bank/43027;1
https://xn--80aagahqwyibe8an.com/akti-pravovi-mijnarodni/rezolyutsiya-110-generalnoy-assamblei-oon-1947-22768.html;1
