Колесниченко А. В.;12
Цвик В. Л.;8
Долгова Л. В.;5
Aarseth E.;4
Klesse C.;4
Долинин Д. А.;4
Кузнецов Г. В.;4
Мисонжников Б. Я.;4
Пронин А. А.;4
Hugh S.;3
Lindgren M.;3
Welters L.;3
Амзин А.;3
Джулай Л. Н.;3
Князев А.;3
Князев А. А.;3
Прожико Г. С.;3
Рабигер М.;3
Шергова К. А.;3
Aufderheide P.;2
Berry R.;2
Branch J.;2
Eisner W.;2
Haberlen J.;2
Lillethun A.;2
Osterwalder A.;2
Pigneur Y.;2
Schippers M.;2
Seguin L.;2
Smith A.;2
Smith R. D.;2
The R.;2
Абрамова В. А.;2
Аемурова Ю. В.;2
Азар И.;2
Антонов Е.;2
Баканов Р. П.;2
Бастрон А. А.;2
Болотова Л. Д.;2
Булаева М. Н.;2
Вартанова Е. Л.;2
Васильев А. А.;2
Вертов Д.;2
Волкова Д. М.;2
Волынец М. М.;2
Герасименко А. С.;2
Дашкова Т. Ю.;2
Дорофеева А. А.;2
Дядькина В.;2
Ершов Б. А.;2
Железняков В. Н.;2
Засурский Я. Н.;2
Издатель А. Г.;2
Калауд С.;2
Качкаевой С. А.;2
Ким М. Н.;2
Колотилов В.;2
Корконосенко С. Г.;2
Круглова Л. А.;2
Лазутина Г. В.;2
Ледовских Н. П.;2
Литвиненко А. А.;2
Макки Р.;2
Медынский С. Е.;2
Муратов С. А.;2
Плотников К. Д.;2
Познин В. Ф.;2
Поливанова К. Н.;2
Почкай Е. П.;2
Репин Т.;2
Сафонова К.;2
Симакова С. И.;2
Соколов А. Г.;2
Стогов И.;2
Стровский Д. Л.;2
Троицкий А.;2
Фрейд З.;2
Хаас А.;2
Шагалова Е. Н.;2
Шерстобитова А. Н.;2
Шомовой А. Г.;2
A. С.;1
BaileyJ. M.;1
N. M.;1
И. С. М.;1
М. С.;1
СУ. А.;1
ТВ. М.;1
Abel J.;1
Abramov R.;1
Albera F.;1
Alkhallouf A.;1
Argamon S.;1
Arjoranta J.;1
Bailey B. J.;1
Bakhrevskiy Y. V.;1
Bakhsheshi F. F.;1
Barrientos S.;1
Barton M.;1
Benevenuto F.;1
Bereavement B.;1
Bernar P.;1
Bernarda G.;1
Besenyo J.;1
Birrell J.;1
Bonnie R. J.;1
Bostan B.;1
Brown D.;1
Brügger N.;1
Burch N.;1
Casteleyn J.;1
Cavazza M. O.;1
Cervera F.;1
Cha M.;1
Charles F.;1
Chen G.;1
Cheney C.;1
Chi W.;1
Chopra R.;1
Chowdhury A.;1
Cloud S.;1
Connell M.;1
Cornfield N.;1
Crilley R.;1
Cunningham P.;1
Dajani D.;1
Das T.;1
Delin J.;1
Detarsio J.;1
Devine M.;1
Donald S.;1
Egeland В.;1
Eric C.;1
Eshleman G. R.;1
Etty J.;1
Farooq M.;1
Friedrichsen M.;1
Fullwood C.;1
Gajjala R.;1
Galeotti A.;1
Genosko G.;1
Geoghegan M.;1
George E.;1
Ghahreman O.;1
Gillespie M.;1
Giovanna M.;1
Godard J. L.;1
Goyal S.;1
Grief W. J.;1
Grotz J.;1
Guercini S.;1
Gulino P. J.;1
Gummadi K. P.;1
Gureev A.;1
Gurovich I.;1
Guzeva A.;1
Haddadi H.;1
Haggenburg M.;1
Halabi A.;1
Hall K.;1
Hawkins R. P.;1
Hayes N.;1
Healey D.;1
Hennig N.;1
Heshmat Y.;1
Hicks W.;1
Holliday J.;1
Hollywood W.;1
Horsley G.;1
Hou Y.;1
Ilchenko S. N.;1
Interviewing D.;1
Introduction W. A.;1
It M.;1
Jansen B. J.;1
John N. A.;1
Journalism J.;1
Jürgens A. S.;1
Kamalipour Y.;1
Kaplan R. S.;1
Kazarinova D.;1
Keep M.;1
Kenna D.;1
Kent M. L.;1
Kenzie H. F.;1
Kern J.;1
Kerrigan S.;1
Kiel C.;1
Kim J.;1
Kim M.;1
Klass D.;1
Kolenda N.;1
Kolpakova S.;1
Koppel M.;1
Kravchenko V.;1
Kunzle D.;1
Kurtz D. L.;1
Kuss D. J.;1
Lamb A.;1
Laranetto H.;1
Larson J.;1
Layne U.;1
Lieberman D.;1
Loguidice B.;1
Maran D.;1
Markman K. M.;1
Marsh T.;1
Martin R.;1
Masali M.;1
Mead S. J.;1
Meinzer K.;1
Meskin A.;1
Meux C.;1
Modeste D.;1
Monk N.;1
Moore A.;1
Moreno A.;1
Morgul K.;1
Morris T.;1
Murch W.;1
Nasser N.;1
Neofitou S.;1
Nepo M.;1
Neustaedter C.;1
News U. S.;1
Nicholls S.;1
Nichols B.;1
Nimatulayev M. M.;1
Nordgren A.;1
Norton D. P.;1
Norton W. W.;1
Novick J.;1
Ostaseski F.;1
Papushina I.;1
Pasulka D.;1
Pavlik J. O.;1
Pavlik J. V.;1
Paynter M.;1
Pennebaker J. W.;1
Perekhov A.;1
Pieterse E.;1
Pingree S.;1
Pochna M.;1
Popova A.;1
Prentice C.;1
Rabiger M.;1
Radcliffe D.;1
Rafaeli S.;1
Reality J.;1
Reitz A.;1
Richard M.;1
Robert J.;1
Roche D.;1
Ross E.;1
Rotha P.;1
Russel M.;1
Sally A.;1
Schler J.;1
Schook F.;1
Sharon T.;1
Sherry R.;1
Shevchenko N.;1
Sinelschikova E.;1
Skiba D. J.;1
Smirnova A.;1
Smith D. H.;1
Snow K.;1
Sobel K.;1
Soomro K. A.;1
Spivak G. C.;1
Star S. L.;1
Stebbin R. A.;1
Taisheva V.;1
Talking K.;1
Taylor M.;1
Tench R.;1
Terra E.;1
Thornquist C.;1
Truck J.;1
Tsupin V. A.;1
Turn M.;1
Vandervieren E.;1
Vanstone G.;1
Vercic D.;1
Verhoeven P.;1
Vogler C.;1
What T.;1
Whitaker W. R.;1
Wiemann J. M.;1
William B.;1
Williams R. C.;1
Winston B.;1
Wolk D.;1
Yang L.;1
Zagal J. P.;1
Zerfass A.;1
Zhang M.;1
Абдулаева З. К.;1
Абдуллаева З.;1
Абдуллаева З. К.;1
Азарова К.;1
Азарова Н.;1
Айвазова С. Г.;1
Алдохина О. И.;1
Александрова А. А.;1
Александровский Ю. А.;1
Алексеева Р. Е.;1
Алмакаева А. М.;1
Алпатов М. В.;1
Аль Д. А.;1
Анищенко М. Е.;1
Антанасиевич И.;1
Антонова С. Г.;1
Антоновой С. Г.;1
Аркус Л. Ю.;1
Арнхейм Р.;1
Ахмадулин Е. В.;1
Бавра О. Д.;1
Базыма Б. А.;1
Байбакова О.;1
Балмаевои С.;1
Баранова Е. А.;1
Барашева Е. В.;1
Баргер В.;1
Баринов Д. Н.;1
Барт Р.;1
Безвербный В. А.;1
Белинова Н. В.;1
Белов А. И.;1
Беляев И. К.;1
Бенин Е. Д.;1
Блок Б.;1
Блэкуэлл Р.;1
Бобков А. К.;1
Богатырева С. М.;1
Богданова Д. А.;1
Богословская Т.;1
Богост Я.;1
Болотова Е. А.;1
Большаков А. В.;1
Бородихин А.;1
Бродский Л.;1
Бубукин А. В.;1
Бур А.;1
Бурцев С.;1
Вакурова Л. И.;1
Вакурова Н. В.;1
Ваниянц Д. Ю.;1
Васильев В. И.;1
Верещагина Н. В.;1
Ветушинский А. С.;1
Вилюнас В.;1
Висневская Л. Я.;1
Витвинчук В. В.;1
Воинова Е.;1
Воинова Е. А.;1
Волкова И. П.;1
Воловык В. И.;1
Володин А. А.;1
Воробьева В. П.;1
Галустян А.;1
Галустян В.;1
Ганапольский М.;1
Гатов М.;1
Гендина Н. И.;1
Гинзбург Л. Я.;1
Гладких Н.;1
Голдовская М. Е.;1
Головня А.;1
Горбачев О. И.;1
Гордиенко Н. Н.;1
Горохов В.;1
Горшкова И. Д.;1
Григорьева И.;1
Гурович И. А.;1
Гурович И. Я.;1
Гуськов А. И.;1
Давидсон Э. М.;1
Дворянцева Ю. М.;1
Дзялошинский И. М.;1
Дмитриев Д. В.;1
Довбуш М. Д.;1
Долгова Л.;1
Долджин К.;1
Дорощук Е. С.;1
Драгун Е. М.;1
Дукин Р. А.;1
Духан М. Е.;1
Егоров В. В.;1
Егошкина В. А.;1
Ерицян С. С.;1
Ермилова Д. Ю.;1
Ершова Е. Н.;1
Жарков И. А.;1
Жаркынбекова Ш. К.;1
Жженов Г. С.;1
Жукова В. Л.;1
Журавлева А. А.;1
Завильгельский Д. Г.;1
Завьялова Н. Б.;1
Зазыкин В. Г.;1
Закиров Ф. Х.;1
Заковых М. М.;1
Зеликова Ю.;1
Зингирова Л. Ф.;1
Иванова А.;1
Казанская В. Г.;1
Каладжян А. А.;1
Калиев Т. Б.;1
Калитина В. В.;1
Карпова С. В.;1
Кастельс Д.;1
Качкаева А. Г.;1
Кийт М.;1
Киреева Е. В.;1
Клюев Ю. В.;1
Коланькова О. В.;1
Колкова Н. И.;1
Колмакова О. А.;1
Кон И. С.;1
Коржук С. В.;1
Корконосенко С.;1
Корчагин Д.;1
Костоусов В.;1
Коц Д.;1
Кочеткова А. В.;1
Кравченко С. В.;1
Красильников А. А.;1
Краснов В. Н.;1
Кратасюк Е. Г.;1
Криводонова Ю. Е.;1
Крогиус А. А.;1
Крупской Н. К.;1
Крутецкий В. А.;1
Крюкова Е.;1
Кузнецова Л. Э.;1
Кузова В. А.;1
Кузьмин Н.;1
Кульчицкая Д.;1
Кульчицкая Н.;1
Курило Л. В.;1
Кустов Т. В.;1
Лаврищева М. С.;1
Лазицкая Е. Д.;1
Лебедев А. Ю.;1
Лебедев Т. В.;1
Лебедева Л. В.;1
Ленский Б. В.;1
Лепилкина А. М.;1
Лиманкин О. В.;1
Линдстром М.;1
Ломоносова М. В.;1
Лосева М.;1
Лоторева Е. В.;1
Лукина М. М.;1
Лукинои М.;1
Мавлетова А. М.;1
Мазунина Н. А.;1
Маклаков А. Г.;1
Максимов А. М.;1
Малышев М. Л.;1
Малькова Л.;1
Малькова Л. Ю.;1
Мальсагова М. И.;1
Манскова Е. А.;1
Маркина В. М.;1
Матвеева А. В.;1
Матюшкин В.;1
Машковский Е. В.;1
Мезенцева Д. Д.;1
Мельников С.;1
Мертон Р.;1
Метод В. В.;1
Мещеряков А. С.;1
Миниард П.;1
Миронова Л. Н.;1
Миронычева В. Ф.;1
Мисонжникова Б. Я.;1
Митта А.;1
Михайлова В. А.;1
Михеева Л. С.;1
Молчанов С. В.;1
Морозова Л. В.;1
Москва Г.;1
Московкин Н. В.;1
Мякушева Т. В.;1
Надежин Н.;1
Надеин А.;1
Нарратология В.;1
Николюкина А. Н.;1
Ним Е. Г.;1
Новиков К. Ю.;1
Новикова К. В.;1
Новоселов Г. В.;1
Овсепян Р. Г.;1
Оганесова Ю. А.;1
Ожегов С. И.;1
Орешина Д.;1
Орлик М. А.;1
Орлов И. Б.;1
Остервальдер А.;1
Павлов Б. С.;1
Панюкова С. А.;1
Панюкова С. И.;1
Папсуев О. О.;1
Паранько О.;1
Паркс С.;1
Пельтье Д.;1
Перунов В. А.;1
Петлянова Н.;1
Петрова О. А.;1
Пирес Г.;1
Поносов И. Г.;1
Потятник Б. В.;1
Прожико Г.;1
Прозорова Д. В.;1
Птушко А. С.;1
Пудовкин В.;1
Р А.;1
Раздел V.;1
Разматунила А.;1
Райс Ф.;1
Распевин А.;1
Распопова С. С.;1
Рифеншталь Л.;1
Рихтер A. А.;1
Рихтер А. Г.;1
Родина А. С.;1
Розенбергер Ф.;1
Розенталь А.;1
Романова П. В.;1
Ростовская Т. К.;1
Рубникович А.;1
Руденко В.;1
Рябинина Н. З.;1
Саблина Т. А.;1
Савельев Д.;1
Савельева О. О.;1
Савицкая Н.;1
Савицкий С. А.;1
Савостина К. С.;1
Сагинова О. В.;1
Саламова З. К.;1
Салтман Р. Б.;1
Самохина В. Н.;1
Саппак В.;1
Сахнова Е. Б.;1
Сегер Л.;1
Сивякова Е.;1
Сивякова Е. В.;1
Силантьева Б.;1
Симакова С. А.;1
Скорик А. В.;1
Смирнов В. В.;1
Смирнов В. Н.;1
Смит Й. Х.;1
Созонова Л. А.;1
Соловьев В. И.;1
Старшенбаум Г. В.;1
Степанян А. В.;1
Стешин А.;1
Стинс О.;1
Стоименов М. Й.;1
Стоименова П. Й.;1
Стриженова Т. К.;1
Стюарт П.;1
Сухарева А. С.;1
Сухарева В. А.;1
Сысоев П. В.;1
Талал Т.;1
Тарасова А. Ю.;1
Татищева В. Н.;1
Теория О.;1
Тепляшина А. Н.;1
Терехов Д. А.;1
Тертычный А. А.;1
Тимофеев А. В.;1
Токарев Н. В.;1
Томпсон С.;1
Трифонова П. В.;1
Труби Д.;1
Уайт Т.;1
Уорд П.;1
Успенская Т. Н.;1
Феофанов О. А.;1
Фефелова Л. Н.;1
Франк Г.;1
Фухт Д.;1
Харрис Р.;1
Хорни К.;1
Цинченко Г. М.;1
Чантлер П.;1
Чекмарев А. А.;1
Челышева И. В.;1
Чистякова М. Г.;1
Чумакова Т. Н.;1
Чунг М. Л.;1
Шадрина С. В.;1
Шведова Н. Ю.;1
Шевелев Г. А.;1
Шевченко Н. В.;1
Шерель А. А.;1
Шматова Ю. Е.;1
Шомова С. А.;1
Штейн Е. Э.;1
Штейнберг Э. А.;1
Шубин М.;1
Шульц Д.;1
Шурыгина И. И.;1
Щербаков А. А.;1
Щербакова Д. С.;1
Щербакова М. А.;1
Юровский А. Я.;1
Юрчак А.;1
Юферева А. С.;1
Якутин Е. М.;1
Ялом И.;1
Ярошенко В.;1
Ярская- Е. Р.;1
ван А.;1
