Павлов А.;20
Jenkins H.;19
Бахтин М. М.;15
Вартанова Е. Л.;13
Wallace D. F.;9
Габрелянов А.;8
Дзялошинский И. М.;8
Уоллес Д. Ф.;8
Барт Р.;7
Куренной В.;7
Лотман Ю. М.;7
Эко У.;7
Gambarato R. R.;6
Konstantinou L.;6
Аккер Э.;6
Гиббонс Т.;6
Маклюэн М.;6
ван Р.;6
Baysha O.;5
Clare R.;5
Gamson W. A.;5
Nichols B.;5
Гидденс Э.;5
Карамзин Н. М.;5
Павлов А. В.;5
Хабермас Ю.;5
Baym N. K.;4
Cohen S.;4
Entman R. M.;4
Febvre L. E.;4
Hepp A.;4
Hjarvard S.;4
Hutcheon L.;4
Illouz E.;4
In J. E.;4
Jodelet D.;4
Katz J. E.;4
Арутюнова Н. Д.;4
Бодрийяр Ж.;4
Жижек С.;4
Ильченко С. Н.;4
Качкаева А. Г.;4
Кузьмин А. Г.;4
Лазутина Г. В.;4
Мельник Г. С.;4
Мур А.;4
Ожегов С. И.;4
Почепцов Г. Г.;4
Свитич Л. Г.;4
Седита С.;4
Тартаковская И. Н.;4
Фрейд З.;4
Aarseth E.;3
Bauman Z.;3
Boswell M.;3
Burn S. J.;3
Castells M.;3
Cloud S.;3
Costa E.;3
Dijk T.;3
Donald J.;3
Douglas K. M.;3
Doyle G.;3
Gambarato R.;3
Grincheva N.;3
Habermas J.;3
Heraud R.;3
In M. A.;3
In W.;3
Kinder M.;3
Labov W.;3
Lister M.;3
Luhan M.;3
Mathijs E.;3
Modigliani A.;3
Pantti M.;3
Pratten R.;3
Skarlatidou A.;3
Treem J. W.;3
Александров Е. В.;3
Алешинская Е. В.;3
Аникина М. Е.;3
Бакунина Е. В.;3
Белл Д.;3
Вайнштейн Л. А.;3
Вартановой Е. Л.;3
Гиппиус З. Н.;3
Голышева В.;3
Грабельников А. А.;3
Дускаева Л. Р.;3
Заломкина Г. В.;3
Иваницкий В. Л.;3
Истомина М.;3
Кассиль Л. А.;3
Клушина Н. И.;3
Колесниченко А. В.;3
Кранк Э. О.;3
Кратасюк Е. Г.;3
Круткин В. Л.;3
Лотман Ю.;3
Малюкова Л.;3
Мороз О. В.;3
Муратов С. А.;3
Мурза С. Г.;3
Назаров М. М.;3
Немировская М. Л.;3
Нора П.;3
Пинчон Т.;3
Показаньева И. В.;3
Пропп В.;3
Пулман Ф.;3
Пушкин А. С.;3
Пушкина А. С.;3
Ревенга Е.;3
Соколов А. Г.;3
Терлецкий В.;3
Толмачева Е. Б.;3
Федотов Е.;3
Фомичева И. Д.;3
Хайдеггер М.;3
Хальбвакс М.;3
Чемякин Ю. В.;3
Чумакова В. П.;3
Aakhus M.;2
Abeele M. V.;2
Alberts J. K.;2
Alice L.;2
Allen M.;2
Andalibi N.;2
Anderson C.;2
Antheunis M. L.;2
Baker P.;2
Barra L.;2
Bataille M.;2
Beck U.;2
Bengtsson A.;2
Bignell J.;2
Bloomfield B. P.;2
Blumler J. G.;2
Bonney R.;2
Borgueta M.;2
Bruzzi S.;2
Bucaria C.;2
Bundy B.;2
Carter N.;2
Chomsky N.;2
Choudhury M.;2
Chouinard J.;2
Chumakova V.;2
Courtland L.;2
Cui D.;2
Davis J.;2
Deacon D.;2
Dovey J.;2
Duran R. L.;2
Eckhardt G.;2
Eisner W.;2
Evans S.;2
Fairclough N.;2
Fashion J.;2
Ferguson D. A.;2
Fisher H.;2
Freedman G.;2
Frith S.;2
Garstad S.;2
Geppert A. C.;2
Gernsheim E.;2
Gershon I.;2
Gibson J.;2
Goodwin A.;2
Green J.;2
Green N.;2
Haase A.;2
Haimson O. L.;2
Hale B.;2
Hall S.;2
Harris H.;2
Hayes G.;2
Hayes G. R.;2
Hoffman J. R.;2
In J.;2
Jenkins R.;2
Johnsen T. E.;2
Jones C.;2
Journalists U. S.;2
Kaase M.;2
Karandashev V.;2
Katz E.;2
Lakoff J.;2
Laliker M. K.;2
Lannutti P. J.;2
Latham Y.;2
Le B.;2
Leonardi P. M.;2
Licoppe C.;2
Limperos A.;2
Lin T.;2
Long G.;2
Loschiavo R.;2
Luhmann N.;2
Lukacs V.;2
Lundby K.;2
Madell D.;2
Mannell K.;2
Manner B.;2
Mascheroni G.;2
Mendik X.;2
Miller S.;2
Morgner C.;2
Muncer S.;2
Nagy P.;2
Nathan I.;2
Neff G.;2
Newman G.;2
Nielsen J.;2
Panagl O.;2
Parrish C.;2
Pass J.;2
Paz A.;2
Pearce K.;2
Porrovecchio A.;2
Postmes T.;2
Powell D. N.;2
Prooijen J. W.;2
Quail D.;2
Rabby M.;2
Rasner R. D.;2
Rosenzweig R.;2
Rotaru T.;2
Roy D.;2
Rusu M. S.;2
Scheufele D. A.;2
Schouten A. P.;2
Schrock A.;2
Schultz J.;2
Schulz W.;2
Simmel G.;2
Snyder S.;2
Spini D.;2
Stanyer J.;2
Steinberg M.;2
Sterritt L.;2
Storch S.;2
Str J.;2
Su H.;2
Sundar S.;2
Sutton R. M.;2
Taneja H.;2
Tolz V.;2
Treem J.;2
Turkle S.;2
Vincent J.;2
Vitak J.;2
Volodina M. N.;2
Vurdubakis T.;2
Watson N.;2
White H.;2
Wiggins A.;2
William F.;2
Williams K. D.;2
Williams R.;2
Wilms A.;2
Winston B.;2
Wolfsfeld G.;2
Wood J.;2
Wood M. J.;2
Wrench J. S.;2
Yoshimura C. G.;2
Адорно Т.;2
Акбаева Д. Д.;2
Акинфиев С. Н.;2
Алиева В. Ш.;2
Амзин А.;2
Аникина В. В.;2
Антонова Р. П.;2
Аронсон О. В.;2
Ашенова Т. М.;2
Бабенко В. А.;2
Бакунин М.;2
Баранов О. А.;2
Батюшков К. Н.;2
Бахтин М.;2
Белозерцев И. А.;2
Бергсон А.;2
Блок М.;2
Бобина Т. О.;2
Богомолова Н. Н.;2
Болецкая К.;2
Болкунов А. Н.;2
Больц Н.;2
Бухарин С. Н.;2
Быстрицкий А. Г.;2
Велигжанина А.;2
Вербилович О. Е.;2
Волкова А. Е.;2
Воронова М. Е.;2
Гаан А.;2
Гамбарато Р. Р.;2
Гегелова Н. C.;2
Гете И. В.;2
Гончарова И. А.;2
Горький М.;2
Горюнова Н. Л.;2
Гройс Б.;2
Гусейнов Г. Ч.;2
Данилова Л. Н.;2
Демидова О. Р.;2
Дзялошинская М. И.;2
Дмитриева Д.;2
Добробабенко Е. В.;2
Долгова Л. В.;2
Домбровская А. Ю.;2
Дробашенко С. В.;2
Душкина Н. О.;2
Елагин В. С.;2
Желтов О.;2
Жуков И. В.;2
Журнальный И.;2
Зелинский С. А.;2
Землянова Л. М.;2
Земская Е. А.;2
Зенкина С. Н.;2
Изотов А. И.;2
Казнова Н. Н.;2
Кайуа Р.;2
Калашникова М. Б.;2
Карамзина Н. М.;2
Карасик В. И.;2
Карнеги Д.;2
Качкаева А.;2
Качкаевой А. Г.;2
Келтнер Д.;2
Кильдюшов О.;2
Козырев Г. И.;2
Коломиец В. П.;2
Кон И. С.;2
Корконосенко С. Г.;2
Корте Г.;2
Краснов Г. С.;2
Красных В. В.;2
Круглова Л. А.;2
Кузнецов Г. В.;2
Кушнер Р.;2
Лаврентьева О.;2
Лассуэл Г.;2
Лермонтов М. Ю.;2
Лобачевского Н. И.;2
Лозовский Б. Н.;2
Лосев А. Ф.;2
Лукина М. М.;2
Мадиану М.;2
Макаренко А. С.;2
Макеева Е. А.;2
Макиавелли Н.;2
Малахаева С. К.;2
Миллер Д.;2
Миллер Ф.;2
Миллер Э. Д.;2
Мильдон В. И.;2
Митрофанова А. А.;2
Михайлова В. А.;2
Михайлова Я. Д.;2
Мороз О.;2
Мясникова М. А.;2
Нечаев Д. Н.;2
Нечаева К. М.;2
Ним Е. Г.;2
Новиков П.;2
Нора М.;2
Озуф Ж.;2
Онуфриенко А. В.;2
Пауковой В.;2
Поспелов Г. Н.;2
Пропп В. Я.;2
Прохоров А. В.;2
Прохоров Е. П.;2
Пушкарев А. М.;2
Пюимеж М.;2
Разварина И. Н.;2
Рапопорт Е.;2
Рахманин В. С.;2
Рейнгольд Г.;2
Репина Л. П.;2
Реснянская Л. Л.;2
Реснянской М. В.;2
Романова П. В.;2
Русакова О. Ф.;2
Сабанчеев Р. Ю.;2
Садчикова А. С.;2
Салиева Л. К.;2
Семенова А. Э.;2
Сидорня А. А.;2
Смирнова О. В.;2
Смит Г. К.;2
Соколов А. В.;2
Солнцева А.;2
Сумароков А. П.;2
Татищева В. Н.;2
Текутьева И. А.;2
Терехова Т.;2
Толкачев А. Н.;2
Толстой Л. Н.;2
Тоффлер Э.;2
Трубина Е. Г.;2
Тынянов Ю. Н.;2
Усманова А. Р.;2
Усмановой А. Р.;2
Ушаков Д. Н.;2
Уэбстер Ф.;2
Франзен Д.;2
Фролов В. В.;2
Фромм Э.;2
Фуко М.;2
Хализев В. Е.;2
Хлебникова Н. В.;2
Цвик В. Л.;2
Цынарева Н. А.;2
Цыркун Н. А.;2
Чернец Л. В.;2
Чумаковой А.;2
Шашок Л. А.;2
Шведова Н. Ю.;2
Шейнов В. П.;2
Шестопал Е. Б.;2
Шиллер Ф.;2
Шкондин М. В.;2
Шкондина Л. Л.;2
Шматко Н. А.;2
Штейнман М.;2
Штейнман М. А.;2
Эйзенштейн С. М.;2
Юровский А. Я.;2
Якобсон Р. О.;2
Ярных Е. А.;2
де П.;2
A. M.;1
BepшининaH. Л.;1
BoлкoвaE. B.;1
E. H.;1
G. H.;1
II. С.;1
J. A. C.;1
J. M. B.;1
N. Y.;1
А. Г.;1
Г. Я.;1
Л. М. А.;1
Н. Л. У.;1
С. A.;1
С. Н.;1
С. Х.;1
СР. Л.;1
Т. V.;1
ШЭ. М.;1
Abras C.;1
Abric J.;1
Abujbarah K.;1
Aceti L.;1
Acuna K.;1
Adams B.;1
Adams M.;1
Adelgareeva A. V.;1
Aguinaldo L.;1
Ahluwalia R.;1
Akker R.;1
Albarran A. B.;1
Alber J.;1
Albert M.;1
Alford C.;1
Alfred A.;1
Alim H. S.;1
Allan S.;1
Allen C.;1
Allen R.;1
Allison A.;1
Allister M. P.;1
Amedie J.;1
Andersen K.;1
Anderson A. K.;1
Anderson G.;1
Andrade S. M.;1
Angelo P.;1
Anholt S.;1
Anikin D.;1
Ankersmit F. P.;1
Antonova N.;1
Arakelyan L. T.;1
Aral S.;1
Arbuckle J.;1
Aries P.;1
Arnett J. J.;1
Arnstein S. R.;1
Arthur W.;1
Ashcraft K.;1
Ashforth B. E.;1
Ashton P.;1
Atanesyan A. V.;1
Aula P.;1
Ayer N. W.;1
Ayre S.;1
Babbit K.;1
Bailon S.;1
Baker M. C.;1
Bambauer D. E.;1
Bambauer J. R.;1
Baranovsky U.;1
Baranovsky V.;1
Barden P.;1
Bari G.;1
Barichello E.;1
Barker C.;1
Barker С.;1
Barkun M.;1
Barlow J. P.;1
Barnes H. E.;1
Barnes S. H.;1
Barrett R.;1
Barrie J. M.;1
Barry C. M.;1
Bascom W.;1
Baudrillard J.;1
Beattie K.;1
Bednarek M.;1
Bell A.;1
Bell D. S.;1
Bellour R.;1
Belova N. E.;1
Bennett A.;1
Bennett B.;1
Benson T. W.;1
Berelson B.;1
Berger J.;1
Berger L. P.;1
Bernard P.;1
Betsy A.;1
Bigelow J.;1
Bikhchandani S.;1
Birsan A.;1
Bjerstedt S.;1
Blacking J.;1
Blake E.;1
Blakesley D.;1
Blankenberg N.;1
Blin J. F.;1
Bloom D.;1
Blumberg A. T.;1
Bois F.;1
Bolen J.;1
Bonde L.;1
Booker K.;1
Boon S. D.;1
Borda J. L.;1
Borger J.;1
Bostrom N.;1
Boswell J.;1
Bouchard Y.;1
Bourdieu P.;1
Bowen J.;1
Bowser A.;1
Bradbury R.;1
Bradford J.;1
Bradford W.;1
Brannigan J.;1
Bratic V.;1
Braungart M. M.;1
Brewer J.;1
Brewster G. S.;1
Brien N.;1
Brienza C.;1
Briffa J.;1
Brooker W.;1
Brooks K. D.;1
Brower R. A.;1
Brown A. D.;1
Brown R.;1
Brownlow C.;1
Brungardt L.;1
Bruns A.;1
Brunsting S.;1
Bruyckere P.;1
Bryan L. A.;1
Brüggemann M.;1
Buckingham D.;1
Bucqueroux B.;1
Budryte D.;1
Buhari- D.;1
Bui L.;1
Bulck H.;1
Bullard S.;1
Bunson M. E.;1
Burgess R. J.;1
Burgi D.;1
Burke C. S.;1
Burke K.;1
Burn S.;1
Burnkrant R. E.;1
Burykin I. A.;1
Butler J.;1
Byun D. H.;1
Cachia R.;1
Callison C.;1
Cameron C.;1
Campbell J.;1
Campbell K. K.;1
Candlin C.;1
Cappella J. N.;1
Carson T.;1
Carthy J. D.;1
Carthy T.;1
Carvalho L.;1
Cassidy T. D.;1
Castaneda C.;1
Catherine T.;1
Catron L. E.;1
Cauchi D.;1
Caune J.;1
Cavallaro D.;1
Cavna M.;1
Chadwick A.;1
Chadwick F.;1
Chaffey D.;1
Chelpanova D. D.;1
Chen M.;1
Chen Y.;1
Cheney G.;1
Cheney T.;1
Cheng T.;1
Chernov S. S.;1
Chin J.;1
Chitwood L.;1
Christopher T. V.;1
Cioldi F.;1
Cipriany C.;1
Ciravegna F.;1
Claessens N.;1
Clapton W.;1
Clark L.;1
Clarke C. A.;1
Clarkson N.;1
Cohn J. P.;1
Coles R.;1
Collective P.;1
Combs M.;1
Combs M. E.;1
Compagnon A.;1
Condry I.;1
Connell R.;1
Conroy N. J.;1
Conway P.;1
Cook J.;1
Coombs T.;1
Corbett J.;1
Corner J.;1
Costello B.;1
Crigler A. N.;1
Cross S.;1
Crowston K.;1
Csikszentmihalyi M.;1
Cummanis S.;1
Curtis V.;1
Cyberculture P.;1
Cмирнова Е. А.;1
Dabagian L.;1
Dailey S. L.;1
Dance D.;1
David A.;1
Davies A.;1
Davila V.;1
Davis L.;1
Davis R.;1
Dean H.;1
Dena C.;1
Derrida J.;1
Deuttsch K.;1
Deuze M.;1
Diazgranados D.;1
Dibelius W.;1
Dickinson J. L.;1
Dijk T. A.;1
Dijk Т. A.;1
Dimoulas C. A.;1
Distinguishing N.;1
Dixon A.;1
Donahue J. K.;1
Donald K.;1
Donfried M. C.;1
Donovan P.;1
Doran G. T.;1
Douglas P.;1
Dowell J.;1
Dowthwaite L.;1
Drennan M.;1
Drezner D. W.;1
Druckman J.;1
Drury J.;1
Dudacek O.;1
Dufour F.;1
Dunn A.;1
Duy D.;1
Dündar H.;1
Eastman S. T.;1
Edmonds E.;1
Edwards T.;1
Ehlers M. R.;1
Eisend M.;1
Elcheroth G.;1
Eldridge S.;1
Elections U. S.;1
Ellis J. C.;1
Ellison N. B.;1
Elsen A.;1
Emanuel S.;1
Emig R.;1
Engelke K. M.;1
Engstrom E.;1
Enli G.;1
Entman R.;1
Epstein M.;1
Erll A.;1
Escalas J. E.;1
Eshelman R.;1
Esser C.;1
Essex M.;1
Etkind A.;1
Evans M. J.;1
Evers J. L.;1
Everson W. K.;1
Fails J. A.;1
Fairchild C.;1
Fairhurst G. T.;1
Falin C.;1
Falk A.;1
Farber M.;1
Fasel R.;1
Feasey R.;1
Felice M.;1
Ferreday D.;1
Ferrie J.;1
Fest B. J.;1
Fiction U. S.;1
Fillippi R.;1
Fiorelli L.;1
Fireman B.;1
Fitzpatrick S.;1
Flament C.;1
Fleishman J. A.;1
Fleming L.;1
Fleuer M.;1
Flood A.;1
Flores R.;1
Fokina V.;1
Fondu Q.;1
Foreign U. K.;1
Fortier M.;1
Foss K. A.;1
Foucault M.;1
Fox N.;1
Framing U. S.;1
Frank M.;1
Franklin B.;1
Fraysse B.;1
Freeman M.;1
Freeman N.;1
Friedlander S.;1
Fruin N.;1
Fuhrer R.;1
Furnham A.;1
Gabani F. L.;1
Gabrielson E.;1
Gaeth G.;1
Galabala O.;1
Ganz M.;1
Gardner J.;1
Garret P.;1
Gaudet H.;1
Gay A.;1
Gaydos M.;1
Gelman A. D.;1
Genette G.;1
George P.;1
Geraci R. M.;1
Giaccardi E.;1
Giannini T.;1
Giddens A.;1
Giddings S.;1
Gill D.;1
Gillingham J.;1
Goffman E.;1
Gohier C.;1
Goldin C.;1
Goodwin G. F.;1
Gordon I.;1
Gordon M.;1
Gorshkova D.;1
Gottfried J.;1
Gower K. K.;1
Grande L.;1
Grant B. K.;1
Grant I.;1
Gravely G. T.;1
Gray T.;1
Graziano T.;1
Greeber G.;1
Greenman J. F.;1
Gribovod E. G.;1
Grice K. M.;1
Grierson J.;1
Gripsrud J.;1
Grochowski R.;1
Groot J.;1
Grossman L.;1
Grow K.;1
Gruenberg S. M.;1
Grünzweig W.;1
Guerreiro J.;1
Gurevitch M.;1
Gustafsson N.;1
Haamer K.;1
Haase A. Q.;1
Haenlein M.;1
Hagel J.;1
Hailey V. H.;1
Haklay M.;1
Hale A.;1
Hale J.;1
Hallahan K.;1
Haller B.;1
Halpin S. M.;1
Hamad H.;1
Hamelink C.;1
Hamidzadeh В.;1
Hammer J.;1
Hammond P.;1
Hampton K.;1
Hanks L. H.;1
Hansen P. K.;1
Haring M.;1
Harper D.;1
Harper S.;1
Harrigan P.;1
Harris T.;1
Harrison P. J.;1
Harrison S.;1
Hartwig M.;1
Hartzell L. C.;1
Harvey C. B.;1
Haynes J.;1
Haynes N.;1
Hazen D.;1
Healing G.;1
Hecht J. C.;1
Hecker S.;1
Heer J.;1
Heerkens D.;1
Heery E.;1
Heilbrun J.;1
Heim J.;1
Hellweg A.;1
Helms J.;1
Herbert M. E.;1
Herman D.;1
Herman E. S.;1
Herszenhorn D. M.;1
Heti S.;1
Hight J.;1
Hill S.;1
Hill W. C.;1
Hintjens P.;1
Hirsch P. M.;1
Hirshleifer D.;1
Hoby H.;1
Hodge W.;1
Hogg M. A.;1
Holland M.;1
Holm D. V.;1
Holmes M. S.;1
Holt F.;1
Holt P.;1
Holtz B. C.;1
Homer B. D.;1
Homoludens Й.;1
Hopkins L. E.;1
Hoskins A.;1
Hosseini V.;1
How L.;1
Howard J. A.;1
Hsu H. H.;1
Hunn A.;1
Huopainen H.;1
Huot D.;1
Hurst I.;1
Hutchings S.;1
Huxley J.;1
Hyoduk S.;1
Ibrahim A.;1
Ibrahim F.;1
In A.;1
In C.;1
In D.;1
In N.;1
In R. G.;1
In R. P.;1
In S.;1
In T. W.;1
Intyre J.;1
Intyre K.;1
Irimiea S. B.;1
Isar Y. R.;1
Ito M.;1
Ivzhenko T.;1
Iyengar S.;1
Jackson C. S.;1
Jackson P.;1
Jakobson R.;1
James L.;1
Jameson A. D.;1
Jan M.;1
Jane E.;1
Jasper V.;1
Jay C.;1
Jean M.;1
Jeffery A. D.;1
Jeffrey S.;1
Jefkins F.;1
Jenkins E.;1
Jenkins P.;1
Jenner M.;1
Jesper J.;1
Jhally S.;1
Jiguet F.;1
Jimmy T. P.;1
John D.;1
John D. R.;1
John H.;1
John V.;1
Johnson D.;1
Johnson J.;1
Johnson M.;1
Johnson M. L.;1
Johnson P.;1
Johnston O.;1
Johnston P.;1
Jones S.;1
Jung S.;1
Jungaberle H.;1
Just M.;1
Just M. R.;1
Kalinina A. D.;1
Kalliris G. M.;1
Kampf Z.;1
Kanjer A.;1
Kantola A.;1
Kaplan A. M.;1
Kaplan M.;1
Karen M.;1
Karimova G.;1
Kartajaya H.;1
Kean H.;1
Keating D.;1
Keating H. R.;1
Keefe E.;1
Keeffe A.;1
Keen A.;1
Keitel E.;1
Keller K. L.;1
Kelly K.;1
Kent M. L.;1
Khoury G.;1
Kilborn R.;1
Kiley J.;1
Kim A. J.;1
Kim S.;1
King K. C.;1
King L.;1
Kinzer C. K.;1
Kirillov A. G.;1
Kirk J.;1
Kirschner P. A.;1
Klandermans B.;1
Klein C.;1
Klein T.;1
Kline S.;1
Kluckhohn C.;1
Knott S.;1
Ko N.;1
Ko М.;1
Kobrinski H.;1
Kohring M.;1
Kondo H.;1
Kong K.;1
Konnikova M.;1
Konovalenko M. U.;1
Konovalenko V. A.;1
Koo I.;1
Korostelina K.;1
Korsunskaya M. V.;1
Kosmala M.;1
Kotler P.;1
Kotsko A.;1
Koutropoulos A.;1
Kozinets R. V.;1
Kpyпчaнoвa Л. M.;1
Krahe B.;1
Krauss K.;1
Kredell B.;1
Krichmar D.;1
Kroeber A. L.;1
Ksiazek T.;1
Kuhn M.;1
Kuhn T. S.;1
Kurtin K. S.;1
Kwon Y.;1
Küster F.;1
Lac М.;1
Laclau E.;1
Lakoff G.;1
Lamerichs N.;1
Land S. K.;1
Lane B. A.;1
Lanfranchi A.;1
Laplante L. J.;1
Larrington C.;1
Larson A. K.;1
Larson S.;1
Lasch K. E.;1
Lasswell H.;1
Lasswell H. D.;1
Lavery D.;1
Lazarsfeld P.;1
Lazzarato M.;1
Leading U. S.;1
Lebedeva M.;1
Lee J.;1
Lee R. M.;1
Leeuwen T.;1
Lehman P.;1
Lehnert W. G.;1
Leich H.;1
Leiss W.;1
Lelouche R.;1
Lemay D.;1
Lennard J.;1
Lentruccia F.;1
Leonard M.;1
Leonnig C.;1
Lerner J.;1
Leuschner K. E.;1
Levin I.;1
Levine B.;1
Lewandowsky S.;1
Leyner M.;1
Lheureux F.;1
Liddington J.;1
Liebes T.;1
Light L.;1
Lindley C. A.;1
Lindmark S.;1
Little T.;1
Lockyer S.;1
Loist S.;1
Lomko I.;1
Lomore C. D.;1
Loogma K.;1
Lord G.;1
Losing U. S.;1
Lotz A. D.;1
Loureiro S. M.;1
Luckmann T.;1
Luhan E.;1
Luhn A.;1
Machin D.;1
Macleod S.;1
Mael F.;1
Magagnoli S.;1
Maggio J.;1
Maliangkay R.;1
Malkin M.;1
Mallory S.;1
Malone M.;1
Malraux A.;1
Malthouse E. C.;1
Malyutina T.;1
Mamieva B. Y.;1
Manfred J.;1
Mankoff J.;1
Manovich L.;1
Mansurov V. A.;1
Marchisio R.;1
Margitu S.;1
Marijke V.;1
Marinovich A. N.;1
Marshall L.;1
Martin G.;1
Martin S.;1
Mathers N.;1
Matsa K. E.;1
Matthes J.;1
Matza T.;1
Maxwell M.;1
Mayayo P.;1
Mazumdar S.;1
Mazzetti M.;1
Mc T.;1
Mclaughlin R.;1
Mead G. H.;1
Meier K.;1
Melanda F. N.;1
Melezhik K. A.;1
Melucci A.;1
Mercer G.;1
Mesas A. E.;1
Mesce B.;1
Metzger M.;1
Mias C.;1
Michaels J.;1
Miguel P.;1
Mikeshina L. A.;1
Milbrath L. W.;1
Miller C. H.;1
Miller D.;1
Miller J. H.;1
Miller M.;1
Mishra S.;1
Miskova E. V.;1
Mitchell A.;1
Mitchell D.;1
Mitchell T.;1
Mitovich М. W.;1
Mitrache O.;1
Miyata K.;1
Miyose C.;1
Mokeddem A.;1
Molina M. D.;1
Molina P.;1
Monaco G. L.;1
Monga A. B.;1
Montfort N.;1
Moraru C.;1
More N.;1
Moretti V.;1
Morley D.;1
Morozov E.;1
Moses L.;1
Mossberger K.;1
Moulinier P.;1
Mozohin O.;1
Mueller M. P.;1
Mukhametshina E.;1
Muller D. J.;1
Mundkur S. D.;1
Munro S.;1
Mythscapes A.;1
N I. V.;1
Nattiez J.;1
Navarrete T.;1
Neal R. S.;1
Nealon J. T.;1
Negroponte N.;1
Neil P.;1
Neirotti S.;1
Nekmat E.;1
Nelson K.;1
Nelson L. J.;1
Networked S.;1
Neuman W. R.;1
New U. S.;1
Nikishin I. V.;1
Noon M.;1
Norton W. W.;1
Novak J.;1
Nünning A.;1
Obama B.;1
Ojala M.;1
Okunev I. U.;1
Oliver M.;1
Orlean S.;1
Ostby M.;1
Owen B.;1
Oxford O. E.;1
Palmonari A.;1
Palombo D. J.;1
Palvanzade F.;1
Panchal S.;1
Panchariya N. S.;1
Panel U. N.;1
Paolo M.;1
Parent J.;1
Parlow A.;1
Participatory M. T.;1
Paschalidis G.;1
Paulos E.;1
Pavlova O. V.;1
Pawanteh L.;1
Pedroni M.;1
Pejovic V.;1
Pellauer D.;1
Peltier J.;1
Pence H. E.;1
Peng K. C.;1
Pennsylvania P.;1
Pennycook A.;1
Perrin M.;1
Peters M. L.;1
Phelan J.;1
Phenicie K.;1
Philip N.;1
Phillips A.;1
Phillips S.;1
Pichard C.;1
Pierce C. S.;1
Pietschnig J.;1
Pink S.;1
Plaisent M.;1
Plantinga C. R.;1
Plascencia S.;1
Plass J. L.;1
Pokornowski S.;1
Polan D.;1
Ponarina N. N.;1
Poniewozik J.;1
Popova V.;1
Poremba A.;1
Potter C.;1
Powers J. T.;1
Pratt H. J.;1
Preece J.;1
Prensky M.;1
Presidential U. S.;1
Pribylovskogo V.;1
Privitera D.;1
Programs U. S.;1
Propp V.;1
Proulx M.;1
Proyer R. T.;1
Psomadaki O. I.;1
Purdy J.;1
Qi Q.;1
Qvortrup J.;1
Rabinowitz P. J.;1
Radbruch L.;1
Raghavendran B.;1
Rahilly S.;1
Ralph S.;1
Ramanau R.;1
Ranaivoson H.;1
Rasmussen S. J.;1
Recher V.;1
Rehim S.;1
Reicher S.;1
Reid D.;1
Reid D. K.;1
Resende E.;1
Resistance P.;1
Resnick M.;1
Reynolds A.;1
Rheingold H.;1
Rhode A. K.;1
Richard D.;1
Richardson J.;1
Richardson N.;1
Ricoeur P.;1
Riddell S.;1
Rieger A.;1
Riesch H.;1
Rigney A.;1
Rivera G.;1
Robbie M.;1
Roberts A.;1
Robertson A.;1
Robison B.;1
Robson D.;1
Rocamora A.;1
Roger N.;1
Roiland J.;1
Rokeach S.;1
Romanov P.;1
Rompuy B.;1
Ronan S.;1
Rosenblatt R.;1
Rowe A.;1
Rowsey D.;1
Roy C.;1
Royle N.;1
Rubin V. L.;1
Ruby J.;1
Ruch W.;1
Rucker P.;1
Rudnick P.;1
Ruer R.;1
Rusakova O. F.;1
Russo M.;1
Rustad G.;1
Ryabova M. U.;1
Ryan D.;1
Ryan M. L.;1
Ryan С.;1
S M. L.;1
Saffer A. J.;1
Sagara R.;1
Saito S.;1
Sakwa R.;1
Salas E.;1
Salen K.;1
Salvagioni D. A.;1
Sampson E.;1
Sampson S.;1
Samuel B.;1
Santos A.;1
Santosh S.;1
Sarr R. A.;1
Sasse G.;1
Schaffner N.;1
Schmitt B.;1
Schneider S.;1
Schoen S.;1
Schomer A.;1
Schouten B.;1
Schramm W.;1
Schrempp G.;1
Schumacher M.;1
Scolari C. A.;1
Scott D.;1
Secaucus N.;1
Sees U. S.;1
Segev E.;1
Sellars J.;1
Semenova A. A.;1
Semetko H. A.;1
Serra J.;1
Setiawan I.;1
Severs J.;1
Sexton J.;1
Seymour A.;1
Shain A.;1
Shakespear T.;1
Shakespeare T.;1
Shamir M.;1
Shandler J.;1
Shannon C. E.;1
Shannon H. M.;1
Sharpe M. E.;1
Shaw D. L.;1
Shaw D. R.;1
Sheafer T.;1
Sheffield R.;1
Sheigal E. I.;1
Shepatin S.;1
Shepherd L.;1
Sherlock F.;1
Shibanova A.;1
Shneiderman B.;1
Siapera E.;1
Signitzer B.;1
Sim G.;1
Sima D.;1
Simmons W.;1
Simon A.;1
Simon J.;1
Skamoto J.;1
Skogerbo E.;1
Slay H. S.;1
Smirnova E.;1
Smith D. A.;1
Smith Z.;1
Smoot L. S.;1
Smyth F.;1
Snee B. J.;1
Solly M.;1
Solomonova I.;1
Sommerfeldt E. J.;1
Sones W.;1
Sorensen A. T.;1
Source J.;1
Souza N.;1
Spears R.;1
Spiers H.;1
Spiro S. E.;1
Sprinks J.;1
Stagl K. C.;1
Staley B.;1
Stansfeld S.;1
Stark J. F.;1
Startseva N.;1
Stengel R.;1
Sterlacci F.;1
Stieger S.;1
Stone D.;1
Strangleman T.;1
Stuedhal D.;1
Stults R.;1
Sturm U.;1
Sudlow B.;1
Sunaryono B. K.;1
Swami V.;1
Swane M.;1
Swanson A.;1
Sylvester R.;1
Taintor D.;1
Talbot M.;1
Tarasov A. N.;1
Tarrow S.;1
Tauris I. B.;1
Tauris L. B.;1
Tay G.;1
Teper Y.;1
Terrence A.;1
Tewksbury D.;1
The H.;1
The P.;1
The T.;1
Thelen D.;1
Thelen D. P.;1
Theory E.;1
Thomas C.;1
Thomas F.;1
Thomas M. E.;1
Thompson D.;1
Thompson K. M.;1
Thompson M.;1
Thompson P.;1
Thon J. N.;1
Thunberg G.;1
Tilley C. L.;1
Timmer N.;1
Tindale R. S.;1
Tippins D.;1
Tkalec M.;1
Todd N.;1
Todd R. M.;1
Todorov T.;1
Tolbert C. J.;1
Tomer G.;1
Tomiuk D.;1
Tour E.;1
Tran M.;1
Travis J.;1
Trenin D.;1
Trevor H.;1
Trier G.;1
Trubina E.;1
Tscholl M.;1
Tsfati Y.;1
Turner J.;1
Turpin J.;1
Unger A.;1
Unnava H. R.;1
Usborne D.;1
Uscinski J. E.;1
Uscinsky J.;1
Valck K.;1
Vale L.;1
Valkenburg P. M.;1
Vancouver B. C.;1
Vanstone G.;1
Varma D. P.;1
Vaughan P.;1
Venkatesh D.;1
Vermerie M.;1
Vermeulen T.;1
Verres R.;1
Verschueren J.;1
Verstraete M.;1
Vilu R.;1
Vinck S.;1
Virtanen M.;1
Visser J.;1
Voger M.;1
Volkman E. S.;1
Vonderschmitt K.;1
Voracek M.;1
Vosoughi S.;1
Vugt M.;1
Wagner E. J.;1
Wagner S.;1
Waletzky J.;1
Walker L. M.;1
Wall C.;1
Walters S.;1
Wampole C.;1
Wang J. Y.;1
Wang N.;1
Warren A.;1
Warren M.;1
Watkins M.;1
Watson A.;1
Watson M. D.;1
Waugh P.;1
Weaver D.;1
Weaver H.;1
Weaver M.;1
Weaver W.;1
Webster J. G.;1
Weinberger D. R.;1
Weiner J.;1
Weinstein S. B.;1
Welch I.;1
Wellman B.;1
Werner O.;1
Werning S.;1
Werth S.;1
What G.;1
Wiatrowski M.;1
Wildman S.;1
William J.;1
Willnat L.;1
Wilner S. J.;1
Wilson A.;1
Wilson C.;1
Wilstrom P.;1
Windahl S.;1
Winge T. M.;1
Winning N.;1
Witek J.;1
Witte J.;1
Wodak R.;1
Wojnicki A. C.;1
Wolf M. J.;1
Wolf T.;1
Wood J. T.;1
Woodward B.;1
Worcester K.;1
World E.;1
Wright B. W.;1
Wright T.;1
Wrigley S.;1
Yaar E.;1
Yablokov I.;1
Yampolski M.;1
Yang E.;1
Yanke R.;1
Yaroshinskaya A.;1
Yekelchuk S.;1
Young A.;1
Youngon A.;1
Yuhas A.;1
Zald M. N.;1
Zaremba A. J.;1
Zbenovich C.;1
Zegonov O.;1
Zemnukhova L.;1
Zhou S.;1
Zielke M. A.;1
Zilic I.;1
Zimmerman E.;1
Zomeren R.;1
and M.;1
et E.;1
et S.;1
journalists U. S.;1
of J.;1
way R. T.;1
Абабкова М. Ю.;1
Абдрахманова Г. И.;1
Абдуллаева М. Ж.;1
Абрамсас М. Г.;1
Авеличев А. К.;1
Автокатастрофа Г.;1
Агаповой Д.;1
Агеев О. А.;1
Адамович Г. В.;1
Азаренок Н. В.;1
Айтматов Ч. Т.;1
Акименко Г. В.;1
Акимов В. М.;1
Акинфиев С.;1
Акопов А. З.;1
Акопов А. И.;1
Акопова А. С.;1
Акопова М. А.;1
Акулич М.;1
Акулич М. М.;1
Алапуро Р.;1
Александрова О. В.;1
Александрович В. Ю.;1
Александровой А. В.;1
Алексеева Л. М.;1
Алексин А. Г.;1
Алексунина В. А.;1
Алешковский М.;1
Алиева Т. В.;1
Алишев Б. С.;1
Алишичева Т.;1
Альперина C.;1
Амелин В. Н.;1
Амзин А. А.;1
Ананьев Б. Г.;1
Ангелова М. М.;1
Андреев А. Н.;1
Андриевская Г. П.;1
Анкерсмит Ф.;1
Аннинский Л. А.;1
Анохин М. Г.;1
Антипов К. В.;1
Антонова Л. Г.;1
Антонова С. Г.;1
Ануров Д.;1
Анучин Д. Н.;1
Апельрота В. Г.;1
Апресян Р.;1
Арато Э.;1
Арбатова М.;1
Арзуманян С. Н.;1
Аристархов В. В.;1
Арнольд И. В.;1
Аронсон О.;1
Архангельская Е.;1
Архангельская И. Б.;1
Архипова Л. М.;1
Асеева С. А.;1
Ассман Я.;1
Астафьева В. П.;1
Афанасов Н. Б.;1
Афанасьев М. Н.;1
Ахметов К. С.;1
Ахренова Н. А.;1
Ахроменко А. С.;1
Ачкасов В. А.;1
Бабайцев А. В.;1
Бабосова Е. М.;1
Бадэнтер Э.;1
Баженов Ю. К.;1
Базарнова А.;1
Базен А.;1
Байлов А. В.;1
Баканурский А. Г.;1
Бакеева Д. А.;1
Балакшин П. П.;1
Балицкая Е. А.;1
Балицкий И. И.;1
Баллаева О. А.;1
Балуев Д. Г.;1
Балыгина Е. А.;1
Банников Г. С.;1
Барабанов Б.;1
Баранов А. Н.;1
Баранов В. В.;1
Баранова Т. А.;1
Барбашов В. П.;1
Баринова А. Ю.;1
Басовский Л. Е.;1
Батай Ж.;1
Батырева М. В.;1
Бачурин В. Д.;1
Башловкина Ю. А.;1
Бегбедер Ф.;1
Бегунова Е. А.;1
Беззапонный А. С.;1
Бекбаева А. Г.;1
Бекетова Н. А.;1
Беккер М.;1
Бекмамбетов Т. Н.;1
Беленький И.;1
Белинская Е. П.;1
Белинский В. Г.;1
Белинского В. Г.;1
Белов К.;1
Белокурова С. П.;1
Белоусова Ю. В.;1
Беньямин В.;1
Берген Р.;1
Бердяев Н. А.;1
Берк Э.;1
Берн Ш.;1
Бернадская Ю. С.;1
Бибихина В. В.;1
Библер В. С.;1
Бирюлина А.;1
Биссел Т.;1
Битянова М. Р.;1
Блауберг И. И.;1
Блюм А. В.;1
Бобкова К.;1
Бобовича А. А.;1
Бобовича М. А.;1
Богатырева А. С.;1
Богданов В. В.;1
Богомазова И. В.;1
Бодок А. М.;1
Божук С. Г.;1
Бойко А. Д.;1
Бойко О. В.;1
Болдырев И.;1
Болдырев С.;1
Болотова Ю. М.;1
Большаков А. Г.;1
Большаков А. С.;1
Борев В.;1
Борейко А. Д.;1
Борецкий Р. А.;1
Боровенков А. Е.;1
Боровикова Н. М.;1
Боссиди Л.;1
Браун В. Б.;1
Бредихиной К.;1
Бренд Н.;1
Бродячие О. К.;1
Бромлей Ю. В.;1
Булатова А. П.;1
Булич Н.;1
Бурдье П.;1
Бурменская Г. В.;1
Бутусова Е. С.;1
Быков И. А.;1
Быкова И. А.;1
Быкова Т. Н.;1
Быстрицкий А.;1
Бычков В. В.;1
Бычкова О. Е.;1
Бьюз Т.;1
Бюлер К.;1
Вайнштейн К. Д.;1
Вакурова Н. В.;1
Валиева Д. Р.;1
Варламов И.;1
Варнке И.;1
Вартанов А. С.;1
Вартанова Е.;1
Василенко С.;1
Васильев А. Г.;1
Васильев Е.;1
Васин В. В.;1
Вахштайн В. С.;1
Введение З.;1
Вебер Л.;1
Вельтищев Д. Ю.;1
Венедиктова Л. Н.;1
Венкстерн Н. А.;1
Вепрева И. Т.;1
Верховская А. И.;1
Верховский А. М.;1
Вершинин М. С.;1
Веселитская Л. И.;1
Взоров Н.;1
Виленский П.;1
Виноградова С. М.;1
Виноградовой Е. В.;1
Виртц У.;1
Витковская Н. Г.;1
Вишленкова Е.;1
Вишневская Е. В.;1
Вишневский К. О.;1
Владимирского Л.;1
Власов Л. В.;1
Водопьянова Н.;1
Войнилов Ю. Л.;1
Вокуев Н. Е.;1
Волков В. В.;1
Волков И.;1
Волкова Н. В.;1
Воробьева И.;1
Воронин А. С.;1
Воронина Л. Г.;1
Воронкова А.;1
Воронова О. А.;1
Ворончихина Е.;1
Ворошилов В. В.;1
Вьюгина Д. М.;1
Вязникова П.;1
Вяткин Р.;1
Гавра Д. П.;1
Гаврилов В.;1
Гаврилов В. В.;1
Гаджиев К. С.;1
Гай П.;1
Гайдар А. П.;1
Галанина Е. В.;1
Галустян А.;1
Галь Р.;1
Гальдяева Е. В.;1
Гальпериной И.;1
Ган Е. А.;1
Гантман Е. В.;1
Гарифуллин Р.;1
Гаркавец А. Н.;1
Гарри Т. Р.;1
Гаспаров Б. М.;1
Гассет Х.;1
Гачев Г.;1
Гачев Г. Д.;1
Геворкян М. В.;1
Гегелова Н. С.;1
Гей Л.;1
Гейгер Р. С.;1
Геллнер Э. А.;1
Георгиевская Е.;1
Герасимова С. А.;1
Гердер И. Г.;1
Герцена А. И.;1
Гершанова А. Ф.;1
Герье В. И.;1
Геселева О. К.;1
Гиббонс Э.;1
Гибсон У.;1
Гидденса Э.;1
Гиппиус З.;1
Гиренок Ф. И.;1
Глухова А. В.;1
Гмызина Э. В.;1
Голлербах Е.;1
Голованов Д. А.;1
Голованова Ю. И.;1
Головацкая О. Е.;1
Головин С. Ю.;1
Головина В. Н.;1
Головина Т. А.;1
Головнев А. В.;1
Голубев В. Ю.;1
Голубенко Е. А.;1
Гонтмахер Е.;1
Гончаров И. А.;1
Горбань И. Н.;1
Горбачев М. С.;1
Горбунова Н. П.;1
Горелкой А.;1
Горпынченко Н. А.;1
Горького А. М.;1
Гофман А. Б.;1
Гофман Э. Т.;1
Гохберг Л. М.;1
Гражданская А.;1
Грачев Г.;1
Гребенщиков Б. Б.;1
Греймас А.;1
Греймас А. Ж.;1
Грехнева Л. В.;1
Грибовод Е. Г.;1
Грибоедов А. С.;1
Гринберг Т. Э.;1
Гриндстафф Л.;1
Грицанова А. А.;1
Гришина Е. Н.;1
Грунюшкина С. А.;1
Губернаторов Е.;1
Гугнина О. В.;1
Гудзий Н. К.;1
Гудков Л. Д.;1
Гузаирова Г. Р.;1
Гук А. А.;1
Гуревич О. А.;1
Гуровой И.;1
Гуровой Н.;1
Гусейнова И. А.;1
Давыдов И.;1
Давыдова А. М.;1
Даль В. И.;1
Данильчук А. А.;1
Дашкова Е. Р.;1
Дедкова Т. Ф.;1
Дейк Т. А.;1
Демидов Н. А.;1
Демин В.;1
Демос Л.;1
Демченко М. А.;1
Демьяненко Н. В.;1
Демьянков В. З.;1
Деникин А.;1
Джандалиева Е. Ю.;1
Джейкоби Г.;1
Джеймисон Ф.;1
Джойс Д.;1
Джонсон М.;1
Джулай Л. Н.;1
Дзялошинскиий И. М.;1
Дивеева Ю.;1
Дизайн Т.;1
Димитренко В. В.;1
Дипуэлл Л. М.;1
Дмитриев А. В.;1
Добренко Е.;1
Добровольская Т. А.;1
Добрынин С.;1
Докука С. В.;1
Долгина Е. С.;1
Долгих А. А.;1
Долгова Ю. И.;1
Долин А.;1
Долинский А. В.;1
Домбровская И. С.;1
Домнин В. Н.;1
Домнина В. Н.;1
Дондуреем Д.;1
Достоевского Ф. М.;1
Доценко Е.;1
Дуброва Ю. Ю.;1
Дубровской Т. В.;1
Дугин А.;1
Дугин А. Г.;1
Дудченко З. Ф.;1
Душин А. В.;1
Дюбуа Ф.;1
Дюмаева С.;1
Дягилев В.;1
Дятко Д. В.;1
Еastman S. T.;1
Евгенидис Д.;1
Евгеньева А. П.;1
Евстигнеева Н. В.;1
Евтушенко А.;1
Егоров В. В.;1
Еланчик О.;1
Елизарова Г. С.;1
Емелина В. Д.;1
Емельянов В. А.;1
Еремина Б. Л.;1
Ермолаева Е. Н.;1
Ермолова Т. В.;1
Ермошкина Т. А.;1
Ерофеев В.;1
Ерофеева И. В.;1
Ершов Ю. М.;1
Ершова В. Н.;1
Есин Б. И.;1
Ефанов А. А.;1
Ечевская О. Г.;1
Ешев М. А.;1
Жбанковой И. И.;1
Жданов В. В.;1
Жельвис В. И.;1
Женетт Ж.;1
Жеребило Т. В.;1
Жигалина Е. А.;1
Жирков Г. В.;1
Жичкина А. Е.;1
Жуков А. К.;1
Жуков Ю. М.;1
Жуковская Л. П.;1
Журавлев А. Л.;1
Журавлев В. П.;1
Журинская М. А.;1
Журналистика И. М.;1
Заболотская Е. А.;1
Загайнов А. В.;1
Загинашина А.;1
Зайцева Е. К.;1
Зайцева С. А.;1
Замолодская О. М.;1
Заниздра Т. А.;1
Записки И. С.;1
Запорожец О. Н.;1
Заславский М.;1
Засурский Я. C.;1
Затари А.;1
Затуловской М.;1
Захарова М. Е.;1
Захарова Н. Ю.;1
Здравомыслова Е.;1
Зеленина Е. В.;1
Зельвенский С.;1
Зеркаль Д. А.;1
Зинин Е. Ю.;1
Змановская Е. В.;1
Зоркая Н.;1
Зуев М. Б.;1
Иванов В.;1
Иванов Л. В.;1
Иванова Н. П.;1
Иванцовым- А. М.;1
Иващенко Н. А.;1
Игнатьева С. Е.;1
Избранные С.;1
Издательский М.;1
Изотов В.;1
Ильбейкина М. И.;1
Ильина С.;1
Ильиных С. А.;1
Ильясова К.;1
Илюшин A. A.;1
Имшинецкая И. А.;1
Ионин Л. Г.;1
Ионкина Е. Ю.;1
Ирвин У.;1
Искаков Д. З.;1
Иссерс О. С.;1
Ищенко Н. А.;1
Йоас Х.;1
Йокоями О. Б.;1
Йонас Г.;1
Каблуков Е. В.;1
Кадырова Ш. Н.;1
Казаков А. А.;1
Казакова И. Н.;1
Казючиц М.;1
Калажокова Р. З.;1
Калачина А.;1
Калеев А.;1
Кальвино И.;1
Камерон Г.;1
Каминская Н. М.;1
Каминченко Д. И.;1
Капп Э.;1
Капустина Г. Л.;1
Капферер Ж.;1
Карасика Г. Г.;1
Каратасюк Е. Г.;1
Карпенко И. И.;1
Карпенко Л. А.;1
Карпович О. Г.;1
Касуканова К. Е.;1
Катаев П. В.;1
Каф Н.;1
Кашкин В. Б.;1
Квале С.;1
Кемарская И. Н.;1
Керашев Ш.;1
Кестхейи Т.;1
Ким М. Н.;1
Кимелев Ю. М.;1
Киммел М.;1
Кинг Л.;1
Кинник К.;1
Кипнис М.;1
Кириленко Н. Н.;1
Кириленко О. В.;1
Кириллов К.;1
Кирия И. В.;1
Кирпичникова Н. А.;1
Киршин Б. Н.;1
Киселева Т.;1
Китайгородская М. В.;1
Китинг Д.;1
Китчен Ф.;1
Клауд С.;1
Климова Т. Б.;1
Кнабе Г. С.;1
Князев А.;1
Князев А. А.;1
Кобзев М. В.;1
Коваленко А.;1
Коджаспиров А. Ю.;1
Коджаспирова Г. М.;1
Кодола Н. В.;1
Кожевников Ф. И.;1
Кожина М. Н.;1
Кожушко И.;1
Козловская М. В.;1
Козырев М.;1
Кокорина Е. А.;1
Колеватова Т. С.;1
Колесник А. С.;1
Колесникова Н. А.;1
Колесова Л. Н.;1
Коллонтай А. М.;1
Коломийцева Е. Ю.;1
Комарова А. А.;1
Комиссарова Е.;1
Комлев Н. Г.;1
Кондратьев Э.;1
Кондрашова Е. В.;1
Коннелл Б.;1
Коннелл Р.;1
Коновод Н. А.;1
Константину Л.;1
Копотева Л. А.;1
Копцева Н. П.;1
Копылова Т. Р.;1
Корд П.;1
Коровин В. И.;1
Коровина В. И.;1
Коровина В. Я.;1
Королева Ю. А.;1
Коротков А. В.;1
Корсаков А. П.;1
Корте Х.;1
Косикова Г. К.;1
Костина А.;1
Костина А. В.;1
Котков Р.;1
Котлер Ф.;1
Котляр Е. С.;1
Котова Д.;1
Коуп Н.;1
Кофи А.;1
Кошеленко А.;1
Кошик М.;1
Кошкина А. П.;1
Крайникова Т. С.;1
Кранка Э.;1
Крапивин В. П.;1
Красникова В. С.;1
Красных А.;1
Кратасюк Е. С.;1
Кржижановский Г. М.;1
Кривоносов А. Д.;1
Круглова Л.;1
Кругман Д.;1
Крупская Н. К.;1
Круткина П.;1
Крыкова И. В.;1
Крячко В. Б.;1
Кубрякова Е. С.;1
Кудина О. М.;1
Кудинов О. П.;1
Кудреватых А. Н.;1
Кузина Е. Е.;1
Кузнецов М. И.;1
Кузнецов С. А.;1
Кузнецова В. В.;1
Кузнецова Н. В.;1
Кузнецова Ю. М.;1
Кузовенкова А. И.;1
Кузьминская С. И.;1
Кузьмичев И.;1
Кулакова И. П.;1
Кулешов Л.;1
Култышева И. В.;1
Кульчицкая Д.;1
Кунин А.;1
Куприн А. И.;1
Кураева Л. В.;1
Курманина Т. С.;1
Курте Ж.;1
Курышева Т. А.;1
Кутковая Е. С.;1
Кушнарева И.;1
Лабзина А. Е.;1
Лабузная В. Ю.;1
Лабунская В. А.;1
Лаврентьева М. А.;1
Лаврова Е. А.;1
Лагун А. Е.;1
Ладыгин М. Б.;1
Лазарфельд П.;1
Лампинен А.;1
Ландшафты P. S.;1
Лапик Н. А.;1
Ласуэлл Г.;1
Латышева А.;1
Лаундес Л.;1
Лащук О. Р.;1
Лебедев С. В.;1
Лебедева В.;1
Лебедева Л.;1
Лебедева О. Б.;1
Леви В.;1
Левченко И. Е.;1
Ленин В. И.;1
Ленина В. И.;1
Леонавичус А. В.;1
Лесков Н. С.;1
Летаева Н. В.;1
Летова М.;1
Лившиц В.;1
Линь Ч.;1
Лиотар Ж.;1
Липовецкий М.;1
Листков Е. В.;1
Литвиненко А. А.;1
Литвинцева Г. Ю.;1
Лихачев В.;1
Лихачев Д. С.;1
Лихачева Д. С.;1
Лобанов И. Б.;1
Ложкина А. И.;1
Ложкова Т. А.;1
Ломакина С.;1
Ломбина Т. Н.;1
Ломоносов М.;1
Лукашева Е. А.;1
Луков В. А.;1
Луман Н.;1
Луначарский А.;1
Луначарский А. В.;1
Лунегова Д.;1
Лунин А. А.;1
Лунц Л. Н.;1
Лунякова Е. А.;1
Лурье Я. С.;1
Лущиков В. А.;1
Лыкова Ю. В.;1
Львов П. Ю.;1
Льюис М. Г.;1
Ляликов К. С.;1
Мажоров Д. М.;1
Макаренко Е. Ю.;1
Макаров М.;1
Макарова И. В.;1
Макинтайр А.;1
Маклуэн М.;1
Максимов А. М.;1
Максимова Т. И.;1
Максимович С. О.;1
Малето Е. И.;1
Малинова О. Ю.;1
Малоз Н. Л.;1
Малькова В. К.;1
Малькова Л. Ю.;1
Мальцева Д. В.;1
Малюэн М.;1
Мамедов Р.;1
Мангейм К.;1
Мандельштам О.;1
Манн Ю. В.;1
Манович Л.;1
Мансурова Ш. И.;1
Маньковская Н. Б.;1
Маралов В. Г.;1
Марей М.;1
Маренич Н. А.;1
Марков Г. Е.;1
Марова В. Н.;1
Мартиролог А.;1
Мартынов К.;1
Мартынова В.;1
Мартьянова И. А.;1
Маругина Н. И.;1
Марчуков А. Н.;1
Маслова В. А.;1
Маслова С. В.;1
Маслова Т. Я.;1
Массовая В. М.;1
Массон В. В.;1
Матвеева Т. В.;1
Матвеевой А.;1
Махлаюк Н.;1
Махов А. Е.;1
Маховской О.;1
Медведева А.;1
Мелетинский Е. М.;1
Мельниченко М.;1
Мертон Р.;1
Мерцаловой А. И.;1
Мещерякова О.;1
Милерюс Б.;1
Милованов К. Ю.;1
Мильдон В.;1
Минаева Н. С.;1
Мирандола П.;1
Мирман Д.;1
Мироновой М. Р.;1
Митта А. Н.;1
Михайлова М. В.;1
Михайлова Т. М.;1
Михайлюк В.;1
Михалькова Е. В.;1
Михеев А. А.;1
Мишаненкова Е. А.;1
Можеи М. А.;1
Можейко М. А.;1
Моисеев А. И.;1
Моисеева Н.;1
Мокеева И. Н.;1
Мокина И. Н.;1
Молони К.;1
Молтин Л. М.;1
Молчанов Л. А.;1
Моль А.;1
Молькова В.;1
Монтегю А.;1
Мориарти С.;1
Морозова А. М.;1
Московкин Л. И.;1
Мостицкий И.;1
Мошникова Н. Н.;1
Мудрак Т. А.;1
Мураткали А.;1
Муртазина Р. А.;1
Мусатов В. Л.;1
Мустайоки М. В.;1
Мызников Д. В.;1
Мышуста С. В.;1
Мэтисон К.;1
Мягков А. Ю.;1
Надеждин Н. Я.;1
Наймана М.;1
Найт П.;1
Наука С.;1
Науменко А.;1
Наумов А. О.;1
Нацпок Б. Р.;1
Негарестани Р.;1
Нейр Б.;1
Неклюдов С. Ю.;1
Нелюбин Л. Л.;1
Нестеров А. К.;1
Нестерова М. А.;1
Несын Е. Н.;1
Низкие А.;1
Никитенко А. А.;1
Никитин А.;1
Никитина Е. Е.;1
Никитина Н.;1
Никифорова Г. С.;1
Никогосян Н. М.;1
Николаев А. И.;1
Николаев П. А.;1
Николаева Л. Н.;1
Николаева Л. П.;1
Николаевой Т. М.;1
Никольская Ю. В.;1
Николюкин А. Н.;1
Никонов С. Б.;1
Ницше Ф.;1
Новик Е. С.;1
Новиков А. М.;1
Новиков М. Н.;1
Новиков С. В.;1
Новикова А. А.;1
Новодворская В. И.;1
Нойман Э.;1
Нохлин Л.;1
Обвинцева О. В.;1
Оберемко О. А.;1
Обухова Л. Ф.;1
Овсянникова Н. А.;1
Огилви Д.;1
Одинцова Т.;1
Одномерный Г.;1
Ольшанский Д. В.;1
Олянич А. В.;1
Орел В.;1
Орешина И. А.;1
Оришева О. Ф.;1
Орловой П. А.;1
Осеева В. А.;1
Осипов А.;1
Осипов Д. В.;1
Островский А. Н.;1
Ощепков А. Р.;1
Павлова А.;1
Павлова А. Л.;1
Павлова А. О.;1
Павловец М. Г.;1
Павловский А.;1
Павлушкина Н. А.;1
Падучева Е. В.;1
Пальцев Е. С.;1
Панарин И. Н.;1
Панарин Н. И.;1
Панасюк А. Ю.;1
Панова В. Ф.;1
Парамонова А.;1
Парсонс Т.;1
Парубочая Е. Ф.;1
Паршина Т. В.;1
Пастуро М.;1
Паустовского К.;1
Пахалюк К. А.;1
Первушина Е.;1
Перфильева Е. Ф.;1
Петеркова В. А.;1
Петров В. В.;1
Петров М.;1
Петрова М. В.;1
Петровский А. В.;1
Петровского Ф. А.;1
Печенкин П.;1
Печенкинои О.;1
Пешкова И. В.;1
Пикока Т. Л.;1
Пильгун М. А.;1
Пинежанинова Н. П.;1
Пирс Ч. С.;1
Пискунов Н. В.;1
Письмо И. Ф.;1
Пихоя Р. Г.;1
Платоновым С. М.;1
Плесовских А.;1
Плешаков К. В.;1
Пляйс Я. А.;1
По Э. А.;1
Повесть Н. М.;1
Подольский А. И.;1
Подосокорский Н. Н.;1
Познин В. Ф.;1
Полетаев А. В.;1
Поливанова К. Н.;1
Полонский В.;1
Полуэхтова И. А.;1
Полянина А. К.;1
Поплавский Б. Ю.;1
Попов А. В.;1
Попов А. С.;1
Попова Т. П.;1
Попова Я.;1
Попова Я. В.;1
Потапенко С. В.;1
Потехина Е. А.;1
Поцелуев С. П.;1
Почепцов Г.;1
Почкай Е. П.;1
Прейер В.;1
Прибыловского В.;1
Пригов Д. А.;1
Прилуцкий А. М.;1
Принципы А. Б.;1
Прожико Г. С.;1
Прозоров А.;1
Пронин Е. И.;1
Пронина Е. Е.;1
Пронина Н. Ю.;1
Прохоров А.;1
Прошина М. Г.;1
Прытков А. В.;1
Пузанова Ж. В.;1
Пурыскина Н. Г.;1
Пьянов Д. В.;1
Р М.;1
Радионцева Е. С.;1
Радищев А. Н.;1
Радклиф А.;1
Разлогов К. Э.;1
Разлогова К. М.;1
Разумовская А. Н.;1
Разумовскои И.;1
Райхман И. В.;1
Растед Г. С.;1
Рахимова З. М.;1
Ревенко А. А.;1
Резник Ю. М.;1
Рейфман П. С.;1
Ремизов О. В.;1
Репина Л.;1
Ризван Е. С.;1
Рикер П.;1
Рихтер А. Г.;1
Рихтера А. Г.;1
Ричард К.;1
Риччи Л.;1
Рогов А. П.;1
Рогозин Д.;1
Роднянский А.;1
Родькин П. Е.;1
Рожков С. Н.;1
Романов П.;1
Романов П. В.;1
Романова В.;1
Ромах О. В.;1
Ромашина Е. Ю.;1
Ромашова И. П.;1
Ростова Н. Н.;1
Ростовская Ю. В.;1
Роулс Д.;1
Рошаль Л. М.;1
Рублева М. В.;1
Руйе А.;1
Румянцевой Т. Г.;1
Русаков В. М.;1
Русинов С. А.;1
Руцинская И. И.;1
Рыбников В. Ю.;1
Рыжак Н. В.;1
Рюзен Й.;1
Рябова Е. Л.;1
Сабурова Ю. Т.;1
Савельева И. М.;1
Савельева О. О.;1
Савин Н. Ю.;1
Савкина И. Л.;1
Саймон Н.;1
Салимова Г. Н.;1
Салимовский В. А.;1
Сальникова Е.;1
Сальникова Е. В.;1
Самойлова Е. О.;1
Самостреловои С.;1
Самутина Н.;1
Санданов А.;1
Санданов А. Б.;1
Сатрапи М.;1
Саушкинои Т.;1
Сахаров А.;1
Сахарова И.;1
Севастьянов А. Н.;1
Севрюк А. В.;1
Сегал Д. М.;1
Сегер Л.;1
Седова Е. С.;1
Семенченко Е. В.;1
Семибратов Е. В.;1
Сергеева О. Ю.;1
Сибрук Д.;1
Сиденко И.;1
Сидоров В. А.;1
Сидорова Т. И.;1
Сикорского И. А.;1
Сильвестрова Д. В.;1
Симакова С. И.;1
Симонова И. Ф.;1
Симулякры Ж.;1
Синяева И.;1
Ситникова М. Ю.;1
Скафтымов А. П.;1
Скороходов И.;1
Славятинского Н.;1
Слепцова А. А.;1
Слободянюк С.;1
Случай Б.;1
Слышкина В. И.;1
Смазнов И. А.;1
Смеюха В. В.;1
Смирнов К. С.;1
Смирнов Н. А.;1
Смирнов С. С.;1
Смирнова А. Н.;1
Смирнова В. В.;1
Смирнова Е.;1
Смирнова Е. Р.;1
Смирнова М. А.;1
Смирновой П.;1
Смольников А. Д.;1
Смоляк С. А.;1
Смульский С. В.;1
Снежинская М. Г.;1
Снытина А. А.;1
Собрание А. С.;1
Собрание К. С.;1
Соколова Н.;1
Сокольской М. М.;1
Солганик Г. Я.;1
Солдатова Г. У.;1
Соловей В. Д.;1
Соловьева В. С.;1
Соловьева Д. Ю.;1
Сомова М.;1
Сопина Д.;1
Сорокина Д. А.;1
Сосновский Д.;1
Состояние Ф.;1
Социология П.;1
Становление М. А.;1
Старицына О. А.;1
Старкова И. И.;1
Старов С. А.;1
Старостин А. В.;1
Старченкова Е.;1
Стеблина Н. А.;1
Стенник Ю. В.;1
Степанов В.;1
Степанов С. С.;1
Степанян А. В.;1
Стефанова Ю. Н.;1
Стихотворения И. А.;1
Строк О. Д.;1
Строс К.;1
Субботина Ю. М.;1
Судзуки Д. Т.;1
Сулейманова Ш. С.;1
Сумленный С. С.;1
Сунгуров А. Ю.;1
Сурженко Л.;1
Суров А.;1
Сухарева В. А.;1
Суходолов А. П.;1
Сыса И. Д.;1
Сытова А. П.;1
Сычев А. Н.;1
Сычева О. А.;1
Сыченков В. В.;1
Тавадов Г. Т.;1
Тагиев Р.;1
Таловов В. П.;1
Тапхаров М. В.;1
Тарасенко А. C.;1
Тарасов А. Н.;1
Тарковский А. А.;1
Тарковского А.;1
Тартаковская И.;1
Тарханов К.;1
Твен М.;1
Текоева З. С.;1
Темиршина О. Р.;1
Темкина А.;1
Темницкий А. Л.;1
Темнова Е. В.;1
Тенейшвили О. В.;1
Тепляшина А. Н.;1
Теребус О.;1
Терин В. П.;1
Территория L.;1
Терских М. В.;1
Тертычный А. А.;1
Тиммер Н.;1
Тимофеева О.;1
Тимофеева О. А.;1
Тимофеевой К. Г.;1
Тимошина Т. П.;1
Тинклин Т.;1
Титов В.;1
Титов В. О.;1
Тиханова Г.;1
Тихонов Д.;1
Ткаченко Б. И.;1
Тодоров Ц.;1
Тодорова О. В.;1
Тойнби А.;1
Токвиль А.;1
Толкиена Р. Р.;1
Толкина Р.;1
Толстая А. Л.;1
Толстая С. А.;1
Толстого Л. Н.;1
Томан И. Б.;1
Томашевский Б.;1
Томашевским Б. В.;1
Томпсон С.;1
Топоров В. Н.;1
Торн К.;1
Тришин В. Н.;1
Трофимова Е. И.;1
Трофимова Е. М.;1
Троцкий С.;1
Троцук И. В.;1
Трубиной Е. Г.;1
Трубицына Е. А.;1
Трусова Е.;1
Трухина А. В.;1
Трущенко М. Н.;1
Тугуши С. А.;1
Тулупов В. В.;1
Тургенев И. С.;1
Туркин В. К.;1
Турушева Ю. Б.;1
Тютрюмов А.;1
Уайт Х.;1
Уилбер К.;1
Уилер А.;1
Уильямс Г.;1
Уланов А. В.;1
Ульрих Д.;1
Ульяновский А.;1
Умаров М. Ю.;1
Уразова С. Л.;1
Урсул В. И.;1
Успенский И. В.;1
Уфандеева А. Ю.;1
Ушинского К. Д.;1
Уэллс О.;1
Фадеева А. А.;1
Февр Л.;1
Федоренко А. Н.;1
Федотова Н. А.;1
Федунина Н. Н.;1
Федунко Е.;1
Фельдштейн Д. И.;1
Фельзен Ю.;1
Филатова О. Г.;1
Филимонов М.;1
Филипенок А.;1
Филиппова А. В.;1
Филиппова Е. И.;1
Финдра М. Ю.;1
Фоер Д. С.;1
Фоменко О. А.;1
Фомин И. В.;1
Фрейлих С. И.;1
Фридан Б.;1
Фролов Д. Б.;1
Фролова А.;1
Фролова С. Ф.;1
Фролова Т. И.;1
Фролова Т. Н.;1
Фрумкин Г. М.;1
Фрэзер Д. Д.;1
Хагенер М.;1
Хазагеров Г. Г.;1
Халий И. А.;1
Халилов Д.;1
Халилов Т. Г.;1
Халтурина Е. В.;1
Хановой П.;1
Хариной О.;1
Харитоновой В. В.;1
Харламовой О. Н.;1
Хартблей К.;1
Хархордин О. В.;1
Хатиашвили Г.;1
Хауорт Д.;1
Хаустов Д. С.;1
Хворостовский Д.;1
Хитрука Ф. С.;1
Хлевнюк Д.;1
Ходасевич В. С.;1
Ходасевич В. Ф.;1
Хоркхаймер М.;1
Хоружая А.;1
Хоруженко В. А.;1
Хохлова А.;1
Цветаева М. И.;1
Цветков А.;1
Цветков А. Ю.;1
Цветкова А. А.;1
Цветкова Н.;1
Цветова Н. С.;1
Цвик B. Л.;1
Цвык И. В.;1
Целищева В. В.;1
Цетлин М. О.;1
Цибанова Н. Н.;1
Цивьян Ю.;1
Цобели Й.;1
Цулая Д.;1
Цуциева Ж. Ч.;1
Цыбенко О. П.;1
Цыганкова П. А.;1
Цыганов В. В.;1
Цыцаркина Н. Н.;1
Чапаева М. В.;1
Чаран Р.;1
Чеканцева З. А.;1
Чепурова К. Ю.;1
Чернов С. Н.;1
Черных А.;1
Чернышевский Н. Г.;1
Чернявская В. Е.;1
Черткова В. Г.;1
Чеснова Е. Н.;1
Четыркина М. С.;1
Чичерина Н. В.;1
Чмель К. Ш.;1
Чубаров И.;1
Чугров С. В.;1
Чудинов А. П.;1
Чудова Ю. М.;1
Чумичевой О.;1
Чуркин А.;1
Чурсинова М. Г.;1
Чуткова Л. А.;1
Шабалина Н. Б.;1
Шабанов Д. С.;1
Шагельман Ю.;1
Шаев Ю. М.;1
Шамугия И. А.;1
Шамугия И. Ш.;1
Шанский Н. М.;1
Шаповаленко И. В.;1
Шарден П.;1
Шарков Ф.;1
Шармазанашвили Г. В.;1
Шацкая А. Д.;1
Шведов В.;1
Швинд К. Х.;1
Шевелева И. А.;1
Шевченко О. В.;1
Шевчук Д.;1
Шейгал Е. И.;1
Шек О. С.;1
Шелтон Г. М.;1
Шепель В. М.;1
Шергова К. А.;1
Шерель А. А.;1
Шерстобоева Е. А.;1
Шерстюк В. В.;1
Шестакович В. П.;1
Шипулина Н. Б.;1
Ширяев Е. Н.;1
Ширяева В.;1
Шишкина М. А.;1
Шкловский В. Б.;1
Шмелева Н. В.;1
Шмид B.;1
Шмит Ф. И.;1
Шнайдер А. А.;1
Шнеерова В. И.;1
Шнелль Р.;1
Шомели Ж.;1
Шомова С. А.;1
Шомовой С. А.;1
Шпаковская Л. Л.;1
Шпигельман А.;1
Шпитцмюллер Ю.;1
Штейман М.;1
Штомпка П.;1
Шубина Л. В.;1
Шумилова Т. В.;1
Шуровьески Д.;1
Шустер А.;1
Шустер О. С.;1
Шустов В.;1
Щелкунова Е. М.;1
Эделин Ж.;1
Элбакян В.;1
Эликсиры А.;1
Элкинс Д.;1
Эльзессер Т.;1
Эпштейн Б.;1
Эпштейн М.;1
Эриашвили Н. Д.;1
Это А.;1
Юданова М. В.;1
Юдин А.;1
Юдина Е. Ю.;1
Юнг К. Г.;1
Юрченко О. В.;1
Юсипова Л.;1
Юсупова Т. С.;1
Яблоков И.;1
Якимова Л. П.;1
Якимович А. К.;1
Яковенко И.;1
Яковлев И. П.;1
Янке Е. Д.;1
Яралова М. С.;1
Ярошевский М. Г.;1
Ярскои Е. Р.;1
Ярской- Е. Р.;1
Ярцева В. Н.;1
Ясавеев И. Г.;1
Яукнин И.;1
Яцкевич В. В.;1
Яшин Л. А.;1
авторов К.;1
ван А.;1
