Jenkins H.;25
Фуко М.;12
Котлер Ф.;11
Кондакова А.;10
Лотман Ю. М.;10
Кондаков А. А.;9
Макки Р.;9
Кулешов Л. В.;8
Сидоренко В. И.;8
Benoit W. L.;7
Gambarato R. R.;7
Kotler P.;7
Огурчиков П. К.;7
Пропп В. Я.;7
Садуль Ж.;7
Kim J.;6
Thompson J. B.;6
Беньямин В.;6
Кант И.;6
Митта А.;6
Портер М.;6
Снайдер Б.;6
Тарковский А.;6
Цыркун Н. А.;6
Эйзенштейн С. М.;6
Aarseth E.;5
Bucchi M.;5
Green J.;5
Habermas J.;5
Juul J.;5
Kuwahara Y.;5
Luhan M.;5
Meyer T.;5
Wellman B.;5
Арендт Х.;5
Базен А.;5
Ветрова Т. Н.;5
Дженкинс Г.;5
Кратасюк Е. Г.;5
Манович Л.;5
Прожико Г. С.;5
Рабигер М.;5
Роднянский А.;5
Тоффлер Э.;5
Усманова А. Р.;5
Федоров Н. Ф.;5
Шариков А. В.;5
Berry R.;4
Bonini T.;4
Bordwell D.;4
Cave S.;4
Deuze M.;4
Edelman M.;4
Fournier S.;4
Freeman M.;4
Greenhill E.;4
Hampton K.;4
Jin D. Y.;4
Lie J.;4
Maliangkay R.;4
Marwick A. E.;4
Nichols B.;4
Nielsen J.;4
Oh I.;4
Peaslee R. M.;4
Pratten R.;4
Sarcinelli U.;4
Weiner R. G.;4
Адорно Т. В.;4
Барабанов Б.;4
Барт Р.;4
Бердяев Н. А.;4
Бодрийяр Ж.;4
Бронников И. А.;4
Гофман И.;4
Домнин В. Н.;4
Дондурей Д.;4
Иванов А. А.;4
Кастельс М.;4
Кирия И. В.;4
Кэмпбелл Д.;4
Ларин О. С.;4
Левашов В.;4
Макеенко М. И.;4
Маклюэн М.;4
Манн И.;4
Моравидж А. О.;4
Остервальдер А.;4
Разлогов К.;4
Симмонс А.;4
Франк Г.;4
Хабермас Ю.;4
Шерель А. А.;4
Эйзенштейн С.;4
Эко У.;4
N. Y.;3
Aaker D. A.;3
Bartle R.;3
Boyd D.;3
Burnett R.;3
Carey J. W.;3
Castells M.;3
Chen J.;3
Cohen M.;3
Dihal K.;3
Eisner W.;3
Eyerman R.;3
Frasca G.;3
Gill A. L.;3
Gomez J.;3
Kapferer J. N.;3
Kinder M.;3
Kosterich A.;3
Manovich L.;3
Prosser M. H.;3
Quail D.;3
Rheingold H.;3
Schiller H. I.;3
Seger L.;3
Slota T.;3
Smith J. H.;3
Snijders T. A.;3
Thompson K.;3
Tosca S. P.;3
Travis R.;3
Urry J.;3
Weber M. S.;3
Yoon K.;3
Адорно Т.;3
Алексеев Г. В.;3
Амзин А.;3
Балаш Б.;3
Бахтин М. М.;3
Березин О.;3
Богородский С. В.;3
Бэдли Х.;3
Вартанова Е. Л.;3
Волков Д.;3
Галицкая О.;3
Герасименко А. С.;3
Делез Ж.;3
Дзялошинский И. М.;3
Дубин Б.;3
Егоркина С. Б.;3
Зельвенский С.;3
Иванов Г. П.;3
Иванов Н. В.;3
Ильченко О.;3
Квале С.;3
Кичин В.;3
Кон И.;3
Кракауэр З.;3
Кузелин В. А.;3
Леви Т. С.;3
Лезников П.;3
Ломоносова М. В.;3
Майоров Н.;3
Макклауд С.;3
Малинова О. Ю.;3
Малюкова Л.;3
Мамлеева Л.;3
Мороз О. В.;3
Муронец О. В.;3
Новикова А. А.;3
Паранько С.;3
Пензин С. Н.;3
Петухов В. В.;3
Поцелуев С. П.;3
Прохоров А. В.;3
Разлогов К. Э.;3
Рихтер А. Г.;3
Рощин С. Ю.;3
Саблина Т. А.;3
Сегер Л.;3
Секацкий А. К.;3
Сидоренко П. К.;3
Смирнов В. В.;3
Советкина Э. В.;3
Станиславский К. С.;3
Темкина А. А.;3
Троицкий А.;3
Уорд П.;3
Чернышов А. В.;3
Чуковская Е. Э.;3
Шабаев М.;3
Шилина М. Г.;3
Юнг К. Г.;3
Юткевич С. И.;3
Ямпольский М. Б.;3
M. U.;2
М. С.;2
С. A.;2
Aaker J.;2
Adams G. L.;2
Aggarwal P.;2
Ahuvia A.;2
Alexander J.;2
Alice E.;2
Alto P.;2
Anderson B.;2
Archambault D.;2
Ardon S.;2
Armstrong D.;2
Bagozzi R. P.;2
Banks J.;2
Bartky S. L.;2
Batra R.;2
Bell D.;2
Bendazzi G.;2
Benkler Y.;2
Bennett T.;2
Bergh J.;2
Binnie J.;2
Bogost I.;2
Bolding J.;2
Borghol Y.;2
Brand S.;2
Brems C.;2
Brinson S. L.;2
Broersma M.;2
Brown B.;2
Bruns A.;2
Burgess J.;2
Burton J.;2
Butler J.;2
By N.;2
Calleja G.;2
Campbell S.;2
Cantoni L.;2
Carrier D.;2
Castoriadis C.;2
Cedrola E.;2
Chen S.;2
Cheng P.;2
Choi B.;2
Choi J.;2
Chua B. H.;2
Cloud S.;2
Cohn M.;2
Croteau D.;2
Crouch D.;2
Deci E. L.;2
Dolzhenko G. P.;2
Donald K.;2
Donovan T.;2
Douglas P.;2
Dowell W. S.;2
Eco U.;2
Epley N.;2
Eubank L.;2
Fahey C.;2
Fichter D.;2
Fraser N.;2
Frith J.;2
Fullerton T.;2
Gambarato R.;2
Garritano T.;2
Gee O.;2
Gerring J.;2
Geuens M.;2
Giesen B.;2
Glantz M.;2
Graham T.;2
Greene J.;2
Groensteen T.;2
Haenlein M.;2
Hartmut K.;2
Hawkesworth M. E.;2
Heck A.;2
Hine C.;2
Hoffman C.;2
Houseman M.;2
Howe N.;2
Humphreys L.;2
Hunter J. D.;2
Iwabuchi K.;2
James M.;2
Jenner M.;2
Jin B.;2
Johnson D.;2
Ju H.;2
Jung C. G.;2
Kang J.;2
Katz E.;2
Kim B.;2
Kim S.;2
Kim Y.;2
Kim Y. Y.;2
King G.;2
Klevjer R.;2
Kolozaridi P.;2
Kondakov A. A.;2
Ksiazek T. B.;2
Kuntsman A.;2
Kwak H.;2
Lasswell H.;2
Lazarsfeld P. F.;2
Lee M.;2
Lee S.;2
Lieser W.;2
Lippell H.;2
Long G.;2
Long G. A.;2
Lorenzen M.;2
Madsen C.;2
Malone T. W.;2
Margitu S.;2
Marinescu V.;2
Markham A. N.;2
Markman K. M.;2
Martin C.;2
Marwick A.;2
Matthew P.;2
Mayer R. E.;2
Menduni E.;2
Meskin A.;2
Messerlin P.;2
Minsky L.;2
Munroe R. M.;2
Murray J.;2
Neil G.;2
Neuman R.;2
Newman J.;2
Newman M. E.;2
Nielsen S.;2
Nitsche M.;2
Obar J. A.;2
Orchiston W.;2
Otmazgin N.;2
Park G. S.;2
Parry R.;2
Parsons T.;2
Paul C.;2
Pelizza A.;2
Pelsmacker P.;2
Phillips A.;2
Picard R. G.;2
Pickton D.;2
Piercy N.;2
Pink S.;2
Posner M. I.;2
Postill J.;2
Press P.;2
Puzakova M.;2
Quandt T.;2
Reavey B.;2
Richardson J.;2
Rogers T.;2
Rombes N.;2
Rowsey D.;2
Rushfield R.;2
Ryan M. L.;2
Ryan P.;2
Ryan R. M.;2
Ryoo W.;2
Salen K.;2
Sarkar S.;2
Sawyer C. E.;2
Schloesser T.;2
Schmitt B.;2
Schutz А.;2
Scolari C. A.;2
Scоtt A. О.;2
Sheldon L.;2
Shell J.;2
Sinclair B.;2
Smith J.;2
Smith M.;2
Smith P. K.;2
Snyder C. R.;2
Stellman A.;2
Strauss W.;2
Telotte J. P.;2
Temmerman M.;2
The B.;2
Thompson J.;2
Trench B.;2
Turner G.;2
Valck M.;2
Veale K.;2
Venter J.;2
Visser J.;2
Vogler C.;2
Walsh J.;2
Ward S. J.;2
Warman P.;2
Waytz A.;2
Wegner D. M.;2
Wells H. G.;2
Wildman S.;2
William S. C.;2
Williams R.;2
Wingstedt J.;2
Winston B.;2
Wit A.;2
Wolfe A.;2
Womack K.;2
Yin R. K.;2
Young M. F.;2
Zaytseva O.;2
Zimmerman E.;2
of J.;2
Абдрахманова Г. И.;2
Абрамс Д. Д.;2
Агафонова Н. А.;2
Агеев А.;2
Акопова А.;2
Александрова Н. В.;2
Антонова Н. В.;2
Арестова О. Н.;2
Аркус Л.;2
Артамонова О. В.;2
Артюх А.;2
Арутюнова Н. Д.;2
Асланян А.;2
Атанесян А. А.;2
Атягина А. П.;2
Аузан А. А.;2
Афанасьева Е. И.;2
Балашов К.;2
Балмаевой М.;2
Барышников К. Б.;2
Бахметьев Я.;2
Белл Д.;2
Бельтюков А. О.;2
Беляев Н. А.;2
Бердышев И. С.;2
Бернандта Г. Б.;2
Бертолуччи Б.;2
Бирюков В. А.;2
Близнец И. А.;2
Бовуар С.;2
Божовича В.;2
Бокарев В. В.;2
Болтански Л.;2
Большакова Л. С.;2
Бочавер С.;2
Бурлаков М.;2
Бычков В. В.;2
Васильева А.;2
Вернадского В. И.;2
Верник А. Г.;2
Вертов Д.;2
Верхоланцева П. В.;2
Викулова Е.;2
Воглер К.;2
Волынец М. М.;2
Воскресенская В. В.;2
Востров А.;2
Вульф Н.;2
Гаман Л. А.;2
Гамбарато Р. Р.;2
Гладильщиков Ю.;2
Говард Д.;2
Годин А. М.;2
Голдберг Р.;2
Голдовский Е.;2
Голод С.;2
Голубицкая Н.;2
Гончуков А.;2
Городнова А. А.;2
Горшкова И.;2
Гохберг Л. М.;2
Григорьянц Н. Н.;2
Грищенко А. В.;2
Даль В. И.;2
Дашевского Г.;2
Дворников А.;2
Дж Р.;2
Джеймисон Ф.;2
Дмитриев А. В.;2
Донских Е. А.;2
Дранова А. В.;2
Ермолаева О. Я.;2
Ерохина Т. И.;2
Жижек С.;2
Жирар Р.;2
Здравомыслова Е. А.;2
Зегонов О. В.;2
Зинцов О.;2
Зинченко В. П.;2
Зотов В. В.;2
Ильин В. И.;2
Ионеско Э.;2
Иттен И.;2
Кавелти Д. Г.;2
Казючиц М. В.;2
Каменева Т. Н.;2
Карпова С. В.;2
Касьянова О.;2
Качкаева А.;2
Кашапов Р.;2
Кино Ж.;2
Кириленко В. П.;2
Кирсанова Л. И.;2
Коваленко С. П.;2
Козлова О. А.;2
Козырева М.;2
Кокарев И. Е.;2
Колесникова Н. А.;2
Колозариди П. В.;2
Корнев С. В.;2
Косинова М. И.;2
Коттон Ш.;2
Круглова Л. А.;2
Кувшинова М.;2
Кульчицкая Д.;2
Курносова Е.;2
Кустов В. А.;2
Кучеров Д. Г.;2
Лапин А. И.;2
Лапина Ю.;2
Лебединский А. С.;2
Левченко Я.;2
Лингрен Э.;2
Локк Д.;2
Лосев А. Ф.;2
Лосева Н.;2
Лукина М. М.;2
Лукиной С.;2
Луначарский А. В.;2
Малевич К.;2
Манихин А. А.;2
Манхейм К.;2
Марк М.;2
Маркова Л. А.;2
Масуренков Д.;2
Маяковский В. В.;2
Медведев А.;2
Медведева С. М.;2
Мелетинский Е. М.;2
Меллер К.;2
Мельвиль А. Ю.;2
Минаева О. О.;2
Минеева Л. Н.;2
Митина Н. Г.;2
Митта А. Н.;2
Михайлов С. А.;2
Мищенко В. А.;2
Мовшовиц Д.;2
Моисеева Е. В.;2
Молчанов А.;2
Морозов А. И.;2
Мурза С. Г.;2
Назипов Р.;2
Напреенко Г.;2
Неклюдова М.;2
Некрасов А. А.;2
Нехорошев Л.;2
Никовская Л. И.;2
Николюкина А. Н.;2
Новгород Н.;2
Новикова А.;2
Норштейн Ю. Б.;2
Огурчикова В. И.;2
Олсон М.;2
Осовицкая Н.;2
Осташева Д.;2
Падейский В. В.;2
Панкеев И. А.;2
Пардаев Х. Н.;2
Перция В.;2
Петрова Е. А.;2
Пигулевский В. О.;2
Пинье И.;2
Пиотровский М. Б.;2
Пирсон К.;2
Плахов А. С.;2
Плосков П.;2
Погонцева Д. В.;2
Подорога В. А.;2
Порфирьева И. Д.;2
Посконин В. С.;2
Пронкина Е. С.;2
Пронченко З.;2
Птушкин А.;2
Распопова С. С.;2
Родионова М. Н.;2
Роднянский А. Е.;2
Рожкова М. А.;2
Розенталь А.;2
Романов П. В.;2
Романчук А. В.;2
Ромм М.;2
Ромм М. И.;2
Рощина Я. М.;2
Рудаков В. Н.;2
Рябова А. И.;2
Рябова Е. Л.;2
Савельев Д.;2
Самутина Н. В.;2
Сафонова К.;2
Саца И. А.;2
Себова М.;2
Седова Н. Н.;2
Серебрякова Н.;2
Смирнов Н.;2
Смирнова Е. Р.;2
Смирнова И. А.;2
Снайдер М.;2
Соболева И.;2
Соколов А. Г.;2
Соловьев А. А.;2
Соловьев В. А.;2
Соловьев В. С.;2
Соловьева С.;2
Солодар М.;2
Сонтаг С.;2
Спиноза Б.;2
Станиславский К.;2
Столяров Б. А.;2
Столярова Л. Г.;2
Суворова A.;2
Сурнина А.;2
Талал А.;2
Тарасова А. В.;2
Тарковский А. А.;2
Терещенко Л. К.;2
Толкачев Д. С.;2
Трубецкой Е. Н.;2
Тульчинский Г. Л.;2
Туровская М. И.;2
Туровский Р. Ф.;2
Турусина А.;2
Тучкова В. В.;2
Тынянов Ю. Н.;2
Тютрюмов А. А.;2
Уколова Е.;2
Усов Ю. Н.;2
Ушкин С. Г.;2
Федоров А. В.;2
Фомин А.;2
Фомин В. И.;2
Фомичева И. Д.;2
Форестье Л.;2
Фрайхайт А.;2
Хагенер М.;2
Хадсон К.;2
Хайдеггер М.;2
Халимова Р. Р.;2
Харчев А.;2
Хезмондалш Д.;2
Хили Д.;2
Хоркхаймер М.;2
Хренов Н. А.;2
Цулая Д.;2
Цынарева Н. А.;2
Часть E. R.;2
Чаус Н. В.;2
Черемисинова М. Е.;2
Черкасов Д. Б.;2
Чечот А.;2
Шамшин Л. Б.;2
Шарапова М. А.;2
Шарифуллин С. Б.;2
Шерстобоева Е. А.;2
Шкаратана О. И.;2
Шленкер Б.;2
Шульман Е. М.;2
Шурыгина И.;2
Щепилов К. В.;2
Эктумаев А. Б.;2
Эльзессер Т.;2
Эссиг Л.;2
Юм Д.;2
Ядов В. А.;2
Ясавеев И. Г.;2
G. A.;1
J. P.;1
J. S.;1
J. U.;1
K. S.;1
L. A.;1
L. M.;1
L. P.;1
M. C.;1
MA. С.;1
R. G.;1
T. R.;1
UK. P.;1
АН. М.;1
АН. С.;1
Г. В.;1
ГУ. С.;1
Л. А.;1
Л. П.;1
О. М. О.;1
С. J.;1
С. С.;1
СС. М.;1
ТВ. М.;1
ФК. М.;1
Ч. I.;1
Aaker J. L.;1
Abrams J. J.;1
Abrams S. J.;1
Abras C.;1
Abratt R.;1
Abrell T.;1
Adams E.;1
Adler D.;1
Adorno T.;1
Adorno T. W.;1
Affluent T.;1
Afful A. A.;1
Agarwal B.;1
Agrawal A.;1
Aguirre E.;1
Ahmed Q. M.;1
Ahn E.;1
Ahn J. H.;1
Ahram T.;1
Ahuja N.;1
Ahuja S.;1
Airoldi E. M.;1
Aitken I.;1
Akass K.;1
Akert A.;1
Akilla O.;1
Albarran A. B.;1
Albert S.;1
Alberts B.;1
Alexander J. C.;1
Allegedly B. I;1
Alloway L.;1
Allport G. W.;1
Altermatt T. W.;1
Altman D.;1
Ambler T.;1
Ambler T. F.;1
Amed I.;1
Amico S.;1
Amsterdamska M. E.;1
An F.;1
Anderson B. C.;1
Anderson C.;1
Anderson C. W.;1
Anderson D. J.;1
Anderson E.;1
Anderson С.;1
Andersson K.;1
Andras T.;1
Andreouli G.;1
Andrew K.;1
Andrews R.;1
Animation W.;1
Anitai T.;1
Ankersmit F. R.;1
Anne F. S.;1
Any S.;1
Aradau C.;1
Aral S.;1
Archer J.;1
Ardle G.;1
Areni C.;1
Argote L.;1
Ariely D.;1
Arkin R. M.;1
Arnaut K.;1
Arnett J. J.;1
Arnold G.;1
Arnold M.;1
Aroean L.;1
Aronson E.;1
Aronson J.;1
Arora S.;1
Arruda A.;1
Arsenault A.;1
Arthur A.;1
Arthurs J.;1
Arutyunov S.;1
Asekun-olarinmoye O.;1
Asfaranjan Y.;1
Ashcraft B.;1
Ashley C.;1
Ashton D.;1
Ashworth D.;1
Athique A.;1
Atmosukarto I.;1
Attention R.;1
Awazu Y.;1
Axinn W. G.;1
Ayerdi K. M.;1
Aynsley S. A.;1
Azoulay A.;1
Bacon J.;1
Badenoch A.;1
Bafna S.;1
Baggethun E.;1
Bai X.;1
Baker J.;1
Baker L.;1
Baker S.;1
Baktha K.;1
Baldasty G. J.;1
Bale P.;1
Bales R. F.;1
Balota D. A.;1
Banerji D.;1
Bannon B. W.;1
Baranovsky U.;1
Baranovsky V.;1
Barban A.;1
Barbaranelli C.;1
Barbarossa C.;1
Barcelos R. H.;1
Barger V. A.;1
Barker C.;1
Barker J. R.;1
Barnes J. A.;1
Barnes R.;1
Barnouw Е.;1
Baron J.;1
Baron R. B.;1
Barret O.;1
Barrett D. W.;1
Barrett O.;1
Barrow S.;1
Barth K.;1
Barthes R.;1
Bartmanski D.;1
Bartneck C.;1
Bastiaens T.;1
Basu S.;1
Battey B.;1
Baxter P.;1
Baym N. K.;1
Bazin A.;1
Bazin G.;1
Beasley C.;1
Beck J.;1
Beck R.;1
Becker E.;1
Becker H. S.;1
Behr R. L.;1
Beken T. V.;1
Belenioti Z. C.;1
Bellis M.;1
Belshaw D.;1
Bendixen M.;1
Bendtsen L.;1
Bennet T.;1
Benovsky J.;1
Bentele G.;1
Bentz H.;1
Benyahia S.;1
Berelson B.;1
Berg A.;1
Berg G.;1
Berg J.;1
Bergstrom K.;1
Bering J. M.;1
Bernstein C.;1
Berra J.;1
Berry C.;1
Berry V. T.;1
Berryman B.;1
Bettinger C. O.;1
Bettman J. R.;1
Betts T.;1
Bevan D.;1
Bhasin K.;1
Bhatia S.;1
Bicchieri C.;1
Biermann F.;1
Bigelow L.;1
Bijsterveld T.;1
Bilton N.;1
Birkinbine B.;1
Birla N.;1
Bironzo D.;1
Bissinger H. G.;1
Bivins T.;1
Bjerre M.;1
Black S.;1
Blackwell R. D.;1
Blain V.;1
Blanchard A. L.;1
Bland E.;1
Blanke T.;1
Blasi S.;1
Blei D. M.;1
Blickley L.;1
Blignaut J. N.;1
Bloom J.;1
Bloore P.;1
Blumer H.;1
Blythe J.;1
Bober N.;1
Bobrowsky M.;1
Boddy W.;1
Bodie R.;1
Bogatyrev N.;1
Bogatyreva O. A.;1
Bogner A.;1
Bolin G.;1
Bondebjerg I.;1
Bonneel N.;1
Bonthuys D.;1
Boone L. E.;1
Booth C.;1
Bordo S.;1
Borealis I.;1
Borgatti S. P.;1
Borovcnik M.;1
Bosker R.;1
Bourdieu P.;1
Boussut V.;1
Boven L.;1
Bowen C.;1
Bowlt J.;1
Boys J. E.;1
Brabazon T.;1
Bradford W.;1
Bradley C.;1
Braidotti R.;1
Brailly J.;1
Branch A. E.;1
Branch J.;1
Branch R.;1
Brand T. C.;1
Brandle L.;1
Brasel S. A.;1
Braun M.;1
Breakout F.;1
Brembilla P.;1
Brennen A. J.;1
Brenner W.;1
Bretherton D.;1
Brewer J.;1
Brian D.;1
Bridgen L.;1
Brien H.;1
Brien H. L.;1
Brierly S.;1
Brigato L.;1
Brigham T. J.;1
Briscoe G.;1
Broadwell P. M.;1
Brockmann S.;1
Broks P.;1
Bronner K.;1
Bronner R.;1
Bronner S.;1
Brooker W.;1
Brooks F.;1
Brossard D.;1
Brotherton S. A.;1
Brown C. S.;1
Brown E.;1
Brown K. A.;1
Brown K. W.;1
Brown T.;1
Browning B.;1
Bruce T.;1
Bruner G. C.;1
Bruner J. S.;1
Bryant K.;1
Bryant P.;1
Bryson J.;1
Buchanan P. J.;1
Buchner J.;1
Buckner M. M.;1
Bud A.;1
Budiu R.;1
Budylin Y.;1
Bughin J.;1
Buhler J.;1
Bulkow K.;1
Bunch C.;1
Bundy J.;1
Burgess J. E.;1
Burgoyne R.;1
Burke M.;1
Burley L.;1
Burton B.;1
Burwell C.;1
Busch F. W.;1
Buss A. H.;1
Bussenius C. E.;1
Bustamante E.;1
Butler B.;1
Butler I.;1
Butler J. G.;1
Butler R.;1
Butler R. N.;1
Butner J.;1
Byers A. H.;1
Byers S.;1
Byl P.;1
Cabe J.;1
Cacioppo J.;1
Cacioppo J. T.;1
Cairns P.;1
Calhoun C. J.;1
Call V.;1
Calne S. A.;1
Calvin T.;1
Cameron G. L.;1
Camille A.;1
Campbell D. T.;1
Campbell J.;1
Campbell W. J.;1
Cannell D.;1
Cantor G.;1
Cantu R. C.;1
Cape G. S.;1
Capon A.;1
Caprara G. V.;1
Cardle M.;1
Cardona J.;1
Carlsson F.;1
Carlsson N.;1
Carmona C. R.;1
Carpentier N.;1
Carretero R.;1
Carrington B.;1
Carruth A.;1
Carter D. R.;1
Cartwright S.;1
Carvalho M.;1
Castells A.;1
Caudwell J.;1
Caulfield T.;1
Cavanillas J.;1
Caves R. E.;1
Cawley J.;1
Celebi S. I.;1
Centeno D.;1
Cerrone M.;1
Chalfen R.;1
Chamberlain H.;1
Chambers H. E.;1
Chandler D.;1
Chang E. A.;1
Chang H. K.;1
Chang T. K.;1
Chao M. M.;1
Chapman J.;1
Chapman J. R.;1
Chappell D.;1
Chavis D. M.;1
Chebat J.;1
Chee C. M.;1
Chen K.;1
Chen Y.;1
Cheney D. L.;1
Cheng M. I.;1
Cheng X.;1
Cheong Y.;1
Chernatony L.;1
Cherrier M.;1
Chesney R. W.;1
Chien I.;1
Cho S. Y.;1
Choe Y.;1
Chou Y.;1
Chou Y. K.;1
Chow A.;1
Chow K.;1
Chrisler J. C.;1
Christidou V.;1
Christina T.;1
Chui M.;1
Chun E.;1
Chung H.;1
Chute H.;1
Cialdini R. B.;1
Cicek M.;1
Clair J. A.;1
Clark D.;1
Clark W. C.;1
Cleallan A.;1
Clellan A.;1
Clements P.;1
Clendon L.;1
Cleve B.;1
Cleveland A. D.;1
Clifford G. D.;1
Clinton K.;1
Cobcroft R.;1
Cockrane D.;1
Cohen A. P.;1
Cohen B.;1
Cohen R.;1
Cohen S. A.;1
Cohendet P.;1
Coleridge S. T.;1
Colleen J.;1
Collins W. A.;1
Combs M.;1
Combs M. E.;1
Comor E.;1
Companion I.;1
Comparing K.;1
Compton C.;1
Conboy M.;1
Conill R.;1
Connell R.;1
Connor P.;1
Consulting E. K.;1
Conzen M.;1
Coogan P.;1
Cook M.;1
Coombs W. T.;1
Cooper A.;1
Cooper D.;1
Cope J.;1
Cormick K.;1
Corner J.;1
Corry S.;1
Cortesero A. M.;1
Cosnes J.;1
Cossman B.;1
Cottam S.;1
Couldry N.;1
Cover R.;1
Cowen T.;1
Cox M.;1
Cranor L.;1
Crawford C.;1
Crawford R. M.;1
Crawford С.;1
Crenna F.;1
Crick R.;1
Crisp C.;1
Crissey J.;1
Croft E.;1
Cronin D.;1
Cronin E.;1
Cross R.;1
Cross-scale G. A.;1
Crossan J.;1
Crosson S.;1
Crowley D.;1
Cuban L.;1
Cubitt S.;1
Cullagh K.;1
Cundy M.;1
Cunningham S.;1
Curry E.;1
Curthoys A.;1
Curtius E. R.;1
Cusic D.;1
Cusumano M.;1
Czach L.;1
Czerniawski A. M.;1
Czurda K.;1
Dahlberg T.;1
Dahlbo H.;1
Dahmen N. S.;1
Dainty A. R.;1
Dale C.;1
Dale S.;1
Danaher P. J.;1
Daniel P.;1
Daniel T.;1
Dantas D. C.;1
Das R.;1
Dashiell M.;1
Dasilva J.;1
Daston L.;1
Davenport T.;1
David J.;1
David L.;1
Davies M. N.;1
Davies S. R.;1
Davis E. H.;1
Davis R.;1
Davisson A. L.;1
Dawson L. E.;1
Dearman P.;1
Deemer R.;1
Deflem M.;1
Delamar P.;1
Demo R.;1
Demoulin S.;1
Dena C.;1
Denhom C.;1
Deniar S. M.;1
Design J.;1
Desouza K.;1
Deterding S.;1
Deutsch K.;1
Dhar V.;1
Dickey M. D.;1
Dickhaus J.;1
Dickinson K.;1
Dictionary C.;1
Digital H.;1
Dijk J.;1
Dillon A.;1
Dinehart S.;1
Dines G.;1
Dini P.;1
Diver M.;1
Dmytryk E.;1
Dobbs R.;1
Doherty S.;1
Domingo D.;1
Domsch S.;1
Donald H.;1
Donin N.;1
Donthu N.;1
Doran G. T.;1
Dorgan A.;1
Doris A.;1
Dourish P.;1
Dovey J.;1
Downey S.;1
Downing J.;1
Doyle J. D.;1
Drakeford M.;1
Drengner J.;1
Drennan M.;1
Dressler W.;1
Drew C.;1
Dron J.;1
Druckrey T.;1
Drummen M.;1
Dubber A.;1
Dube L.;1
Ducheneaut N.;1
Duncan C.;1
Duncan R.;1
Dunn A.;1
Dunne I. M.;1
Durant J. R.;1
Durkheim E.;1
Durose M.;1
Durrani M.;1
Dyer R.;1
Dymek M.;1
Eager D.;1
Eaton T.;1
Ebbinghaus H.;1
Ebing R.;1
Edensor T.;1
Edmond M.;1
Edson C.;1
Edson G.;1
Edward T.;1
Edwards J.;1
Edwin B.;1
Edworthy J.;1
Effendi T. D.;1
Efimov A. R.;1
Egenfeldt- S.;1
Ehrat J.;1
Ehrlich D.;1
Eike L.;1
Elaine G. T.;1
Elaskary M.;1
Eliade C. G.;1
Ellison E.;1
Ellsworth D.;1
Ellwood R. S.;1
Elmqvist T.;1
Elovaara M.;1
Elteren M.;1
Emaliana K.;1
Enders B.;1
Engel J. F.;1
Epp S.;1
Epstein J.;1
Erikson E. H.;1
Eriksson J.;1
Erkas E.;1
Ermi F.;1
Escalas J. E.;1
Esch F. R.;1
Esslin M.;1
Estrategia J. A.;1
Etches A.;1
Ettema J.;1
European A.;1
European I.;1
Eva P.;1
Evans C.;1
Evans G. A.;1
Event A.;1
Evershed J.;1
Expectation C.;1
Fahy D.;1
Fairlie H.;1
Falcao C.;1
Falconer R.;1
Faris R.;1
Farley E.;1
Fast K.;1
Faye M.;1
Felando C.;1
Fencott C.;1
Fernandez I.;1
Ferris G. R.;1
Ferrucci P.;1
Fetisov V.;1
Field M.;1
Field S.;1
Fienberg S. E.;1
Fierro D.;1
Filar R.;1
Fill C.;1
Fine M. B.;1
Finin T.;1
Fiorina M.;1
Firоzi P.;1
Fish S. A.;1
Fisher S.;1
Flakin N.;1
Flow J.;1
Follmer G.;1
Ford S.;1
Fordham H.;1
Fornatale P.;1
Foster R.;1
Foucault M.;1
Fox C.;1
Fox N.;1
Fox S.;1
Fraj E.;1
Franco B.;1
Frary M.;1
Frederick D. A.;1
Frederick E. L.;1
Freedman A.;1
Freeman D.;1
Freeman J.;1
Freeman L.;1
Fried R. T.;1
Friedkin N. E.;1
Friedman T.;1
Friesen N.;1
Frith S.;1
Froese P.;1
Frost L.;1
Frye N.;1
Fu X.;1
Fuchs C.;1
Fulton H.;1
Fundamental F.;1
Furn D.;1
Gabov K.;1
Gad T.;1
Gagne R. M.;1
Gai K.;1
Galdospin T. M.;1
Galer M.;1
Gall A.;1
Gallagher J.;1
Gallez D. W.;1
Galli A.;1
Gallo A.;1
Gallopin G. C.;1
Galloway C.;1
Game F. D.;1
Gandy O. H.;1
Gardner A.;1
Garnham N.;1
Garrard J.;1
Gaudet H.;1
Gaudy T.;1
Gauger J.;1
Gaus H.;1
Gee J. P.;1
Gelman A.;1
Gems G. R.;1
Generation Z.;1
Gensler S.;1
George A.;1
Georges S.;1
Gerbner G.;1
Gerhards C.;1
Gerritsen D.;1
Gessen M.;1
Getz D.;1
Ghanem B.;1
Ghosh R.;1
Giannantoni D.;1
Gibbs P.;1
Gibson J.;1
Giddens A.;1
Gidhagen M.;1
Gierl H.;1
Giles D.;1
Giles H.;1
Gili J.;1
Gill A.;1
Gill R.;1
Gillmor D.;1
Gilmore G. W.;1
Gilster P.;1
Ginnis J.;1
Ginnis T.;1
Ginsburg M.;1
Giorgio A.;1
Glass W.;1
Globerson T.;1
Glynn M.;1
Glynn W.;1
Godes D.;1
Godin S.;1
Goehle G.;1
Goffman E.;1
Gogarty P.;1
Golas K. C.;1
Goldenberg J.;1
Goldman W.;1
Golossenko A.;1
Gompers P. A.;1
Gonigal J.;1
Gonsalves R.;1
Goodman D.;1
Goodrum M.;1
Gorbman C.;1
Government U. S.;1
Grabe S.;1
Grainge P.;1
Grajeda T.;1
Grand T.;1
Grandgirard J.;1
Grant W. J.;1
Grappi S.;1
Gray C.;1
Gray J.;1
Gray P. C.;1
Grazia D.;1
Green D.;1
Green J. B.;1
Green S.;1
Greenblatt L.;1
Greene B.;1
Greene D.;1
Greenhiil E.;1
Greg N.;1
Gregory J. R.;1
Grenning J.;1
Grewal D.;1
Griffin E.;1
Griffiths M. D.;1
Grinfeld V. A.;1
Grodal T.;1
Groene S. L.;1
Groesz L. M.;1
Groff T.;1
Groot R.;1
Gross G. A.;1
Grossberg L.;1
Grover E.;1
Groves N.;1
Grudziecki J.;1
Grundy I.;1
Grunig J. E.;1
Guber P.;1
Guerreiro J.;1
Guido G.;1
Gulikers J.;1
Gunning T.;1
Gunter B.;1
Guo P. J.;1
Guoqiang R.;1
Gurevitch M.;1
Gurskis D.;1
Gusfield J.;1
Guzzetti A.;1
Gwilt A.;1
Haan S.;1
Hackett O.;1
Hackmann H.;1
Haferkamp H.;1
Hagan M.;1
Hagel J.;1
Hagen I.;1
Haig D.;1
Hale S. A.;1
Hall J.;1
Hallinan B.;1
Halliwell S.;1
Halperin D.;1
Halvorson K.;1
Hamari J.;1
Hambrick D. C.;1
Hambrick M. E.;1
Hampton K. N.;1
Hampton S. E.;1
Han B.;1
Han E.;1
Han J.;1
Hanczor R. S.;1
Handel S. N.;1
Hanhardt J. C.;1
Hansch A.;1
Hansen I.;1
Harald K. A.;1
Haraway D. J.;1
Hardy J.;1
Hargittai E.;1
Hargreaves D. J.;1
Harju A. A.;1
Harlen W.;1
Harley A.;1
Harrar V.;1
Harrell D. F.;1
Harrison K.;1
Harrison R.;1
Hart J. P.;1
Hartley B.;1
Hartley J.;1
Hartmann U.;1
Hartnett M.;1
Harvey C.;1
Harvey- C.;1
Harviainen J. T.;1
Hasan N.;1
Haslam N.;1
Hassoun D.;1
Hau Y. S.;1
Hauser P. M.;1
Hausknecht M.;1
Hausmann A.;1
Hawpe L.;1
Hawthorne N. Y.;1
Hay М.;1
Hayman G.;1
Healy S.;1
Heapy J.;1
Heding T.;1
Heer J.;1
Heerkens D.;1
Heffernan T.;1
Heim D.;1
Heinonen A.;1
Helen R.;1
Helmchen T.;1
Hemert T.;1
Hemingway B.;1
Hemmings C.;1
Henderson J. J.;1
Henry L. C.;1
Hergovich F.;1
Hermida A.;1
Herrero J.;1
Herrmann A.;1
Hershberger E. K.;1
Herskovits M. J.;1
Hesmondhalgh D.;1
Hettinger V. E.;1
Highsmith J.;1
Hilgartner S.;1
Hill J.;1
Hills M.;1
Hilmersson P.;1
Hiltz S. R.;1
Him V.;1
Himelboim I.;1
Himmelstrand U.;1
Hinchcliffe D.;1
Hinrichsen P. F.;1
Hinrik S.;1
Hirt K.;1
Historian E.;1
Hjorth L.;1
Ho S. X.;1
Hobbes T.;1
Hoffer T.;1
Hogg M. A.;1
Hoggart R.;1
Hollebeek L. D.;1
Holmberg B.;1
Holmes M.;1
Holmlund C.;1
Holroyd C.;1
Holt D. B.;1
Holton A. E.;1
Holzegel G.;1
Homo Й.;1
Hong E.;1
Hood B.;1
Hooks B.;1
Horkheimer M.;1
Hornburg S. P.;1
Horst M.;1
Horta J.;1
Horton D.;1
Horton S.;1
House R. J.;1
Hoving T.;1
Howard K.;1
Howard P. N.;1
Howard R.;1
Howie G.;1
Hoynes W.;1
Hsiao S. H.;1
Huang M. H.;1
Huang S. F.;1
Hubbard P.;1
Huber L. M.;1
Huberman B. A.;1
Hudson F.;1
Hudson K.;1
Hudson R.;1
Huggard E.;1
Hugh S.;1
Hugh S. A.;1
Huisman R.;1
Huizinga J.;1
Hunt T. T.;1
Hunter D.;1
Huovinen A.;1
Hurley R.;1
Hussain K.;1
Hwong Y. L.;1
Hyde J. S.;1
Hyman P.;1
Hyun M. S.;1
Hübinette T.;1
Hоffman J.;1
Hоrnaday A.;1
I W. F.;1
I С.;1
Idema J.;1
Im H.;1
Imaginary J.;1
Immink K. A.;1
In C. R.;1
In G.;1
In G. A.;1
In J.;1
In P.;1
In V.;1
Incompatible P.;1
Inge M. T.;1
Inglis I.;1
Inkson K.;1
Inside B.;1
Inukollu V. N.;1
Iosifidis P.;1
Ireland R. D.;1
Irwin A.;1
Ismail Z.;1
Isupova O. G.;1
Ithaca N. Y.;1
Iuliano E.;1
Ivy J.;1
Iwasaki S. T.;1
Iyer G. S.;1
Jack S.;1
Jackson D.;1
Jackson D. M.;1
Jackson G. I.;1
Jackson M.;1
Jackson R.;1
Jackson S.;1
Jacobsen W.;1
Jacobson B. R.;1
Jacobson K.;1
Jacobson M.;1
Jacquemet B.;1
Jafari J.;1
Jager C. D.;1
Jaggars S.;1
Jahn S.;1
Jakobsson M.;1
Jamieson B.;1
Jamison A.;1
Jang G.;1
Jang S.;1
Jankovich R.;1
Jansen S.;1
Janssens J.;1
Jaron D.;1
Jarreau P.;1
Java A.;1
Jaworowicz M.;1
Jaworowicz P.;1
Jayson H.;1
Jefferies R.;1
Jeffrey R.;1
Jeffries S.;1
Jenks C.;1
Jensen M.;1
Jensen R.;1
Jeоng S.;1
Jin J.;1
Jin L. S.;1
Joang C.;1
Jockers M. L.;1
Johansson O.;1
Johansson R.;1
John G.;1
John H.;1
Johnson C.;1
Johnson F. P.;1
Johnson S.;1
Jones A.;1
Jones B. J.;1
Jones D.;1
Jones E.;1
Jones T.;1
Joorabchi M. E.;1
Jost C.;1
Jr D. J.;1
Jr J. S.;1
Jr W. M.;1
Julian F. V.;1
Jung E.;1
Jung M.;1
Jung S.;1
Junk W. S.;1
Juntiwasarakij S.;1
Jurga H.;1
Juslin P. N.;1
Jоnes E.;1
Kalbaska N.;1
Kaminski M.;1
Kamleitner B.;1
Kampf F.;1
Kampmann M.;1
Kang J. M.;1
Kanigel R.;1
Kanngiesser P.;1
Kannte N.;1
Kapadia R.;1
Kaplan A.;1
Kaplan A. M.;1
Kapp K.;1
Kapp K. M.;1
Kappelmark S.;1
Karibo T.;1
Karlsen J.;1
Karmasin M.;1
Kartajaya H.;1
Kasana M.;1
Kasser T.;1
Katsioloudes M. I.;1
Katz S.;1
Katz S. D.;1
Kaufmann R.;1
Kautsky K.;1
Kavanagh G.;1
Kavianpour S.;1
Kazdin A. E.;1
Keating G.;1
Kee R.;1
Keeble R.;1
Keller J. M.;1
Keller K. L.;1
Keller S.;1
Kelley C.;1
Kelner J.;1
Kendrick J.;1
Kenna D.;1
Kennedy H. W.;1
Kennedy J.;1
Kenon A.;1
Kent T.;1
Kenyon A. T.;1
Kenzie M.;1
Kepplinger H.;1
Kerkhoff L.;1
Key C.;1
Ki E. J.;1
Kier C.;1
Kiesler S.;1
Kiesler S. B.;1
Killam L. A.;1
Kim A.;1
Kim A. J.;1
Kim B. H.;1
Kim D.;1
Kim G. M.;1
Kim H.;1
Kim H. Y.;1
Kim J. S.;1
Kim J. Y.;1
Kim K.;1
Kim K. H.;1
Kim L.;1
Kim R. E.;1
Kim Y. G.;1
King B.;1
King G. M.;1
King S.;1
Kingsnorth S.;1
Kirstein R.;1
Kitchin R.;1
Klavan A.;1
Klein T.;1
Klenk N.;1
Klenk N. L.;1
Klepper G.;1
Klotz A.;1
Knudtzen C. F.;1
Knuth I.;1
Ko E.;1
Ko M.;1
Kocurek C. A.;1
Koerber M.;1
Koestner R.;1
Kofoed J.;1
Kolb D.;1
Kondakov A.;1
Kong A.;1
Korman D.;1
Kouki M.;1
Kowert R.;1
Kowert T.;1
Kramer C. R.;1
Kraus S.;1
Krauss L. M.;1
Krauss R.;1
Krcmar H.;1
Krespi L.;1
Krichmar D.;1
Kronenberg J.;1
Kronick D. A.;1
Kruchten P.;1
Krueger B.;1
Kruger J.;1
Krzywinska T.;1
Kubey R.;1
Kuhn A.;1
Kuhn M.;1
Kuhn T. S.;1
Kulic D.;1
Kunken D.;1
Kunzle D.;1
Kuo C.;1
Kurzman C.;1
Kusuma S. D.;1
Kwon J.;1
Küng L.;1
Labrecque L.;1
Labreque L. I.;1
Lacassin F.;1
Lafferty D.;1
Lafleur M. S.;1
Laing D.;1
Lake M.;1
Lalmas M.;1
Lalwani A. K.;1
Lance W.;1
Landau N.;1
Landers R. N.;1
Landry P. C.;1
Landwehr J. R.;1
Laney D.;1
Lang R. E.;1
Langenbucher W. R.;1
Lanza J.;1
Laqueur T. W.;1
Larsson C. W.;1
Latour B.;1
Laudon K. C.;1
Lauren P.;1
Laursen B.;1
Lawler P. A.;1
Lawrie J. M.;1
Laws A. S.;1
Lebel L.;1
Lee C. S.;1
Lee D.;1
Lee D. H.;1
Lee E.;1
Lee E. K.;1
Lee G.;1
Lee G. T.;1
Lee H.;1
Lee H. J.;1
Lee J. H.;1
Lee J. O.;1
Lee K.;1
Lee L.;1
Lee N.;1
Lee S. J.;1
Lee S. L.;1
Lee W. N.;1
Lee Y. O.;1
Leemans R.;1
Legere A.;1
Leidner D. E.;1
Leimeister J. M.;1
Lele S. M.;1
Lennox F.;1
Lennox S.;1
Lento T.;1
Leod K.;1
Leod N.;1
Leon L. R.;1
Lerman K.;1
Lerner J.;1
Lessard K.;1
Leung A.;1
Leung S.;1
Lev P.;1
Levin B.;1
Levine M. P.;1
Levison L.;1
Levy N.;1
Levy S. J.;1
Lewis S.;1
Li H.;1
Liao T.;1
Libai B.;1
Liebes T.;1
Light D.;1
Liljenberg М.;1
Lim E. A.;1
Limor Y.;1
Lin N.;1
Linda J.;1
Lindroth D.;1
Linfoot M.;1
Ling P. B.;1
Link A. S.;1
Lirtzman S. I.;1
Liszka J. J.;1
Littig B.;1
Liu B. F.;1
Liu J.;1
Livingstone S.;1
Llinares D.;1
Lobato R.;1
Logan R. K.;1
Lokot T.;1
Lomi A.;1
London E.;1
London J.;1
Long A.;1
Long M. C.;1
Long P.;1
Lord B.;1
Lost E. R.;1
Lotte M.;1
Louarn M.;1
Louder E.;1
Loureiro S. M.;1
Lovelace J. B.;1
Low G. S.;1
Lowenthal P. R.;1
Ludwig M.;1
Luhmann N.;1
Lumet S.;1
Lund N. F.;1
Lundqvist L.;1
Lusted M. A.;1
Lwin M. O.;1
Lyan I.;1
Lyn H.;1
Lynch C.;1
Lynch J.;1
Lynn D.;1
Macdonald I.;1
Macdonald I. W.;1
Macdonald M.;1
Mack R. L.;1
Macleod S.;1
Madan S.;1
Madden T. J.;1
Madej K.;1
Mads S.;1
Maffesoli M.;1
Magee J. C.;1
Mahanti A.;1
Mahdavi J.;1
Mahony S.;1
Mahr D.;1
Main N. Y.;1
Majaro S.;1
Makalintal B.;1
Mallon B.;1
Manning A. D.;1
Manyika J.;1
Maratea R.;1
Marc J.;1
Marecek J.;1
Margetts H.;1
Maria R.;1
Marilyn G.;1
Mark J. P.;1
Mark M.;1
Markman K.;1
Markovits A. S.;1
Marks R.;1
Markus M. L.;1
Marlow C.;1
Marquet J.;1
Marr В.;1
Marsh E. J.;1
Marsh L. E.;1
Marshall G.;1
Martens R. L.;1
Martensen A.;1
Martijn P.;1
Martin A.;1
Martin M.;1
Martinez E.;1
Martino P.;1
Marx K.;1
Mashey J.;1
Maskell P.;1
Massarelli V.;1
Mast J.;1
Mast J. L.;1
Masterson R.;1
Matei S.;1
Matrix S.;1
Matthew E.;1
Matzat U.;1
Mauser W.;1
Mberia H. K.;1
Mccormick L.;1
Mead G. H.;1
Means S.;1
Medicine M.;1
Medina I.;1
Meehan K.;1
Megill A.;1
Melissa D.;1
Men L. R.;1
Mendus J.;1
Menz W.;1
Merikle P. M.;1
Merlin T.;1
Mesbah A.;1
Message K.;1
Metamodernism V. J.;1
Metz C.;1
Metze T.;1
Meyen M.;1
Meyer E. T.;1
Michael E.;1
Michael P.;1
Michael W.;1
Michelini R. C.;1
Michie L.;1
Micklethwait J.;1
Miclet F.;1
Midgley D. F.;1
Mierlo T.;1
Miguel C.;1
Millan D. W.;1
Miller C.;1
Miller H.;1
Miller J.;1
Miller L.;1
Mills C.;1
Milner M.;1
Miniard P. W.;1
Mirando J. A.;1
Misdariis N.;1
Miserandino C.;1
Mishra K.;1
Mitchell D.;1
Mittell J.;1
Mochon D.;1
Moebius K. A.;1
Moffitt M. A.;1
Molen S. L.;1
Mollett A.;1
Moloney M.;1
Moltenbrey K.;1
Molyneux L.;1
Monaco J.;1
Montgomery L.;1
Moon F. C.;1
Moon H. C.;1
Moor A.;1
Moore D. R.;1
Moore D. W.;1
Moore H.;1
Moore R. B.;1
Moran K.;1
Morat D.;1
Morcillo J. M.;1
Moreno R.;1
Morgan M.;1
Mori M.;1
Morin S.;1
Morris M.;1
Morris P. S.;1
Morrison P. D.;1
Morrogh M.;1
Morschheuser B.;1
Moss R.;1
Muller E.;1
Muniz A. M.;1
Murali V.;1
Muravyeva M.;1
Muravyeva R. M.;1
Murnen S. K.;1
Murphet J.;1
Murray C. J.;1
Murray N.;1
Murschetz P. C.;1
Mustanski B. S.;1
Muthuswamy K.;1
Mейкок M.;1
Mэтьюз Я.;1
N M. A.;1
Nachira F.;1
Nagle A.;1
Nahai F.;1
Nakamura T.;1
Namioka A.;1
Napier S.;1
Napoli P.;1
Nath I.;1
Nathawat K.;1
Natkin S.;1
Naumov N.;1
Neef D.;1
Negus K.;1
Neill B.;1
Neill M. S.;1
Nelson J.;1
Nelson P.;1
Neresini F.;1
Neubert D.;1
Neumeyer D.;1
Neurerer S.;1
Neuwirth A.;1
New A.;1
New J. R.;1
Newell J. L.;1
Newett E.;1
Newman D.;1
Ng S.;1
Ni X.;1
Nicholas B.;1
Nicodemus K.;1
Nicolai A.;1
Nielsen J. H.;1
Nielsen R. K.;1
Nielsen S. E.;1
Nightingale V.;1
Niinimaki K.;1
Nikitenko Y.;1
Nilsson P.;1
Noam E. M.;1
Noddings N.;1
Nonaka I.;1
Nonprofit J.;1
Noonan N. C.;1
Nora M.;1
Norbert J.;1
Norman D.;1
Norman E. S.;1
North A. C.;1
Norton M. I.;1
Norton W. W.;1
Nowak D. J.;1
Nuenen T.;1
Nuwer R.;1
Nuzzi О.;1
Nоlte J.;1
O P.;1
Oakes S.;1
Oh G.;1
Oh S.;1
Oldenburg R.;1
Olderen R.;1
Oliker M. A.;1
Olivier B.;1
Olsson B.;1
Omoto A. M.;1
Online H.;1
Ono K. A.;1
Ontrup R.;1
Orbuch T. L.;1
Orenbring H.;1
Orihuela J. L.;1
Oriola O.;1
Osipova M.;1
Osipova S.;1
Osterwalder A.;1
Oths K.;1
Otterson J.;1
Overtakes U. S.;1
Overton J. P.;1
Owyang J.;1
Packel D.;1
Packer S.;1
Padget F.;1
Padulo J.;1
Pahl A.;1
Pahlke I.;1
Palaiologou G.;1
Palgrave P.;1
Pallmeyer D.;1
Palmer E.;1
Paranjape M. R.;1
Parc J.;1
Parcell L.;1
Parise C. V.;1
Park E.;1
Park I.;1
Park J. Y.;1
Park M.;1
Parker S.;1
Pasadeos Y.;1
Pashiardis P.;1
Pasori C.;1
Patania V. M.;1
Patterson J.;1
Paul D.;1
Paul K.;1
Paulussen S.;1
Payne A.;1
Pearson C.;1
Pearson C. M.;1
Peary G.;1
Pecquet F.;1
Peeken I.;1
Peer L.;1
Pelger S.;1
Pelizzari M. A.;1
Penley C.;1
Penn A.;1
Peranson M.;1
Perkins D. N.;1
Perkins L.;1
Perkinson D.;1
Perrault S.;1
Perrotta M.;1
Perry P.;1
Peter B.;1
Peter M.;1
Peters G.;1
Peters H. P.;1
Petersen A.;1
Peterson T.;1
Philbrick J. L.;1
Philip J.;1
Piaget J.;1
Pickard S.;1
Pierrot G. F.;1
Pierson M.;1
Pietersma P.;1
Pietikainen P.;1
Pigneur Y.;1
Pillai K. G.;1
Pinch K.;1
Pinto D. C.;1
Pipyrou S.;1
Pixley C.;1
Plantsch M.;1
Playing S.;1
Pleuger R.;1
Ploeg S.;1
Plokhy S.;1
Plummer J. T.;1
Poinsot D.;1
Polkinghorne D. E.;1
Pollock T. G.;1
Pomeroy R. S.;1
Ponton M.;1
Pope J. C.;1
Poplin D. E.;1
Popper F.;1
Portal S.;1
Porter C. E.;1
Postman L. J.;1
Potter D.;1
Potts J.;1
Powell S. J.;1
Prados J.;1
Pratt H. J.;1
Pratte P. A.;1
Preece J.;1
Preston C. A.;1
Price R.;1
Prieto E.;1
Prior M.;1
Priyanka R.;1
Proseer M. H.;1
Pryde R.;1
Pudovkin V. I.;1
Purushotma R.;1
Pusa S.;1
Quandts R.;1
Quinn A.;1
R B. I.;1
R K.;1
R P.;1
Rabiger M.;1
Radical A.;1
Rafaeli S.;1
Rahim A.;1
Rahmandad H.;1
Rainie L.;1
Raleigh N. C.;1
Ranft A. L.;1
Rantanen T.;1
Rapp F.;1
Rappaport H.;1
Ratnam N.;1
Ravid G.;1
Ravindran S.;1
Rawlings C. M.;1
Rayner P.;1
Razzoli R. P.;1
Read M.;1
Reading A.;1
Redvall E. N.;1
Reeves B.;1
Reeves T. C.;1
Rehak B.;1
Reich Z.;1
Reid S. A.;1
Reilly T.;1
Reimann R.;1
Reips U.;1
Resistance S.;1
Reussner E. M.;1
Ricciardelli R.;1
Rice M.;1
Rice R. E.;1
Rich P. J.;1
Richardson A.;1
Richardson M.;1
Ridell O. P.;1
Rijmenam M.;1
Rinzler J. W.;1
Risku J.;1
Rissanen T.;1
Ritter E.;1
Rizzo J. R.;1
Rizzo M.;1
Robert G.;1
Robert J.;1
Robert P.;1
Robert W.;1
Roberts H.;1
Roberts J. H.;1
Robertson J.;1
Robertson J. C.;1
Robertson M.;1
Robinson D. M.;1
Robinson E.;1
Robinson J. A.;1
Robison A. J.;1
Roca N.;1
Rocereto J.;1
Rohmadi C.;1
Rojas U.;1
Rokeach S. J.;1
Roll M.;1
Rollings A.;1
Romani S.;1
Romero N. P.;1
Romo Z. F.;1
Rosa J.;1
Rosenstone R. A.;1
Ross K.;1
Rossiter M.;1
Roth M. S.;1
Roth W. M.;1
Routledge P.;1
Rovai A. P.;1
Roxburgh C.;1
Roy T.;1
Royce W. W.;1
Ruben B. D.;1
Rubin R.;1
Rubington E.;1
Rubinstein E.;1
Ruger H. A.;1
Rumpe B.;1
Rush M.;1
Rusitschka S.;1
Russel G.;1
Russel S.;1
Russell H.;1
Russell K.;1
Russell M. J.;1
Russo A.;1
Rust R. T.;1
Rutter P.;1
Ryan J.;1
Ryn M. W.;1
Ryu S.;1
Rzepka C. J.;1
S R.;1
Saad L.;1
Saal J. A.;1
Saballos M. B.;1
Saddhono M.;1
Sadki C.;1
Saguy A. C.;1
Salazar K.;1
Salen E.;1
Saliani E. C.;1
Salin E.;1
Salmon G.;1
Salomann H.;1
Salomon E.;1
Salomon G.;1
Salvatore J.;1
Sammut E.;1
Sanctis G.;1
Sand S.;1
Sanders M. S.;1
Sanderson J.;1
Sapontzis S. F.;1
Saracino J.;1
Sarstedt M.;1
Saul R.;1
Scarles C.;1
Scellato S.;1
Schafer R. M.;1
Schaffner J.;1
Schauster E. E.;1
Schicha R.;1
Schiller M.;1
Schlatter N. E.;1
Schmalzbauer B. S.;1
Schmid S. D.;1
Schmidt A.;1
Schnauber A.;1
Schneider C. J.;1
Schneider H. L.;1
Schoonmaker M. E.;1
Schreier J.;1
Schroeder R.;1
Schudson M.;1
Schulz W.;1
Schwarzenberg R.;1
Schweidler J.;1
Scolari C.;1
Scott A. J.;1
Scott J.;1
Scott S.;1
Scrivano P.;1
Sederberg A.;1
Sedita S. R.;1
Seebach C.;1
Segall M. H.;1
Seldes G.;1
Selva M.;1
Senellart M.;1
Serafinо J.;1
Serra J.;1
Setala H.;1
Setiawan I.;1
Seyfarth R. M.;1
Seymour B.;1
Shailendra M.;1
Shanahan J.;1
Shandwick W.;1
Shane J.;1
Shanken E. A.;1
Shanmugam B.;1
Shapiro B. J.;1
Shapley G.;1
Shargina E.;1
Sharpe M. E.;1
Shaw D. L.;1
Sheffield S.;1
Shehan S. L.;1
Sheinkop E.;1
Sheldon P.;1
Shelley M.;1
Shelton V.;1
Shilton K.;1
Shim D.;1
Shin S. I.;1
Shin W.;1
Shook C. L.;1
Shorr A.;1
Shukla R.;1
Shuman E. L.;1
Shute N.;1
Shuttleworth S.;1
Sidenblom L.;1
Sidhu S.;1
Sidiras P.;1
Siitonen M.;1
Silva A.;1
Silva A. S.;1
Silver A.;1
Silver J.;1
Silverstein M.;1
Simine S.;1
Simon F.;1
Sims N.;1
Singer J.;1
Singer J. N.;1
Singh N.;1
Singh V.;1
Singh Р.;1
Sinha P.;1
Sinha P. N.;1
Sissors J. Z.;1
Skinner B. F.;1
Sklar R.;1
Slattery J.;1
Sloan W. D.;1
Small C.;1
Smedstad S. M.;1
Smelser N. J.;1
Smith A.;1
Smith G.;1
Smith K. T.;1
Smith L.;1
Smith M. J.;1
Smith S. P.;1
Smyth R.;1
Smythe D.;1
Snijders C.;1
Snyder B.;1
Snyder J.;1
Snyder M.;1
Snyder М.;1
Social V.;1
Sole D.;1
Solon О.;1
Sommer C.;1
Song C.;1
Song H.;1
Song X.;1
Sonnenburg S.;1
Sophia Z.;1
Sophie C.;1
Sorlin P.;1
Soroka V.;1
Souza N.;1
Spangenberg E. R.;1
Spence C.;1
Spielman D. A.;1
Spielman S.;1
Spooner S. M.;1
Sprague D.;1
Sproull L.;1
Staff E.;1
Stagel D.;1
Stapledon O.;1
Starhawk E.;1
Stebbins R. A.;1
Stein P.;1
Stein R. L.;1
Steiner P.;1
Stephens M.;1
Stephenson R.;1
Sterman J.;1
Steven S.;1
Stevens D.;1
Stevens E.;1
Stewart S.;1
Stokes J.;1
Stokes R.;1
Stokols T.;1
Stolzenberg A.;1
Stone E. A.;1
Stone P.;1
Stout G.;1
Strater L.;1
Straus M.;1
Strauven W.;1
Straw W.;1
Striphas T.;1
Strom R.;1
Stroud N. J.;1
Strube M.;1
Stuart H.;1
Stuart K.;1
Stubager R.;1
Stubbs J.;1
Su C. J.;1
Sudaryanto S.;1
Sudha R. D.;1
Suefeld Р.;1
Suh A.;1
Sukmawan I.;1
Sulkunen P.;1
Sullivan J. L.;1
Sundin A.;1
Sutherland J.;1
Sutton P. W.;1
Suzanne K.;1
Swain D. V.;1
Swain J. R.;1
Swan K.;1
Swedlund A. C.;1
Sylbert R.;1
Szabo G.;1
Tabberer J.;1
Takeuchi H.;1
Tam K. P.;1
Tan S.;1
Tandoc E.;1
Taneja H.;1
Tang L.;1
Tangherlini T. R.;1
Taylor C.;1
Taylor T. L.;1
Teichmann R.;1
Tenderich B.;1
The A.;1
The B. F.;1
The D.;1
The G.;1
The I.;1
The J.;1
The L.;1
The P.;1
Theorising B.;1
Thiermann S.;1
Thomas G. P.;1
Thomas H.;1
Thomas J.;1
Thomas M.;1
Thomas M. J.;1
Thompson F.;1
Thompson R.;1
Thompson R. C.;1
Thorne S.;1
Thornton A.;1
Tiegel E.;1
Tiidenberg K.;1
Tilly C.;1
Tini T.;1
Tippett N.;1
Tiwari S.;1
Todd F.;1
Toivo M.;1
Tooher R.;1
Topham J. R.;1
Toplin R. B.;1
Toshiya U.;1
Touzmohammed E.;1
Tov E.;1
Transmedia A.;1
Transmedia E.;1
Traver C. G.;1
Treadway D. C.;1
Treasure J.;1
Triandis H. C.;1
Trotha C. Y.;1
Tsai W. H.;1
Tschmuck P.;1
Tseng B.;1
Tucker A.;1
Tuite A.;1
Turnhout E.;1
Tuten T.;1
Tигнор Р.;1
Uebernickel F.;1
Ueda S.;1
Ulya M.;1
Um N. H.;1
Urla J.;1
Utsler M.;1
Uusitalo L.;1
V- М.;1
Valentine E.;1
Vallacher R. R.;1
Valliere P.;1
Valsiner J.;1
Vanstone G.;1
Variables R.;1
Varley R.;1
Varnum R.;1
Vassiliadis C. A.;1
Vergo P.;1
Vernon R.;1
Vervoort J. M.;1
Vesa M.;1
Vickery G.;1
Victoria B. C.;1
Victoria J. L.;1
Vie S.;1
Vilela L.;1
Vilkuna J.;1
Vincendeau D.;1
Vincent A.;1
Vincent S.;1
Vliegenthart R.;1
Vogel M.;1
Volkman E. S.;1
Voss C. A.;1
Vuorikari Y.;1
Vuorinen P.;1
Waesche N.;1
Wagaman J.;1
Wagenvoort J.;1
Wager W. W.;1
Wagner K.;1
Wahlster W.;1
Waitt H.;1
Wajcman E. J.;1
Wales H. G.;1
Walker A.;1
Walker D. M.;1
Walker R.;1
Wall P.;1
Wallace L.;1
Wang J.;1
Wang J. J.;1
Wang K.;1
Wang X.;1
Wapner P.;1
Ward A.;1
Ward L. M.;1
Ward M.;1
Waring H.;1
Washington D. C.;1
Wasserman H.;1
Watch S.;1
Watt R.;1
Webb B.;1
Webster J.;1
Webster J. G.;1
Wegner T.;1
Weigel M.;1
Weijie J.;1
Weil S. E.;1
Weiland K. M.;1
Weinberg M. S.;1
Weinblatt K.;1
Weisband S.;1
Weise M.;1
Welbourne D. J.;1
Wells A. D.;1
Wells W. D.;1
Wendy I.;1
Westlund O.;1
Weston A.;1
Westwell G.;1
Wheatley D. M.;1
Wheatley T.;1
Whitaker J.;1
Whitman B.;1
Whitney D. C.;1
Wiatrowski M.;1
Wiebke L.;1
Wielki J.;1
Wighting M.;1
Wiid R.;1
Wijermars M. W.;1
Wilde P.;1
Wilford J. N.;1
Wilkinson D.;1
Willems M.;1
William K.;1
Williams J.;1
Williams J. P.;1
Williams L.;1
Williams W.;1
Williamson N.;1
Willoughby J.;1
Wills J.;1
Wilson A.;1
Wilson D. G.;1
Wilson J.;1
Wilson T.;1
Winchester L.;1
Winkel D.;1
Winsor R. M.;1
Winter J.;1
Wirtz D.;1
Wittlin A. S.;1
Wohl R.;1
Wolf C.;1
Wolfschmidt G.;1
Women P.;1
Wong D. H.;1
Woods S.;1
Woodside A. G.;1
Woodward I.;1
Woolgar S.;1
Worcester K.;1
Wosinska W.;1
Wright S. L.;1
Wyatt J.;1
Wyborn C.;1
Wyld C.;1
Xiao H.;1
Xing E. P.;1
Xu D.;1
Yalch R. F.;1
Yaneva A.;1
Yang E.;1
Yang H.;1
Yeo M.;1
Yi H.;1
Yoganarasimhan H.;1
Yon R.;1
York P.;1
York U. S.;1
You M.;1
Young G.;1
Yu A. Y.;1
Yuan L.;1
Zacharek S.;1
Zager M.;1
Zainal Z.;1
Zalatimo S.;1
Zappa P.;1
Zattra L.;1
Zelizer B.;1
Zeng J.;1
Zhang H.;1
Zhang W.;1
Zhu J.;1
Zillner S.;1
Zimmerman K.;1
Zipporah M. M.;1
Zixue T.;1
Zomerdijk L.;1
Zuckerman E.;1
companies U. S.;1
e N. Y.;1
e С.;1
et L.;1
in U. S.;1
of U.;1
users T.;1
А Е. Л.;1
Аакер- М.;1
Абашина Е.;1
Абдуллаева В.;1
Абдуллаева З.;1
Абед А. Р.;1
Абражевич С. Н.;1
Абрамов Р. Н.;1
Абрамова А. А.;1
Абрекова Л. М.;1
Абсалямова И. В.;1
Абу- Д. Ю.;1
Аверкий А.;1
Авраамов Д. С.;1
Автаева Н. О.;1
Авченко В.;1
Агамбен Д.;1
Агамян Е. Ю.;1
Агапов Е. П.;1
Адамович О.;1
Аделгареева А. В.;1
Адилова Л.;1
Ажиджакова М. П.;1
Аи К.;1
Айвазова С.;1
Айвазова С. Г.;1
Айзенберг М.;1
Айрис А.;1
Айсманн К.;1
Аквинский Ф.;1
Акопов А. З.;1
Ал Ю. Ю.;1
Александров В.;1
Александров Г.;1
Александрович В. Ю.;1
Алексанян Е. А.;1
Алексеев А.;1
Алексеев В. А.;1
Алексеев Р. А.;1
Алексеев С. П.;1
Алексиевич С.;1
Алесина И. Л.;1
Алешин А. В.;1
Али Г.;1
Алиев Р. Т.;1
Ализаде А. А.;1
Алимпиева А.;1
Алимпиева А. С.;1
Амирова Д. Р.;1
Ананченко И. В.;1
Ананьева Т.;1
Анатольевна Е. А.;1
Анвара А.;1
Ангелов А.;1
Андерсон Б.;1
Андерсон П.;1
Андреев А. А.;1
Андреев А. М.;1
Андреев С. Г.;1
Андреева О. В.;1
Андреева Ю. В.;1
Андриенко Е. В.;1
Андрющенко Е. С.;1
Аникст А. А.;1
Анисимова Е.;1
Аннерс Э.;1
Анохин Б.;1
Анощенко Д.;1
Ансофф И.;1
Антипов Д.;1
Антонов Е. В.;1
Антонова Е.;1
Антонова О. И.;1
Антонова Ю. А.;1
Ануфриев Е. А.;1
Анфертьева Н. И.;1
Анхимова Р. В.;1
Анюхина А. М.;1
Аппельрота Н.;1
Апполонов Е.;1
Апресян Ю. Д.;1
Арабов Ю.;1
Аревян О. А.;1
Аристарховой И.;1
Арменского Е. В.;1
Армстронг В.;1
Армстронг Г.;1
Арнхеи Р.;1
Арнхейм Р.;1
Аронов Д.;1
Арс Г.;1
Арсентьева Н. А.;1
Артамонов А.;1
Артамоновои Ю. С.;1
Артемьева М. С.;1
Артог Ф.;1
Артюхова Т. З.;1
Артюшина Г. Г.;1
Арутюновой В. Н.;1
Архангельский А.;1
Асафьев Б. В.;1
Аскью Ч.;1
Асмус А. В.;1
Астафьева В. П.;1
Астахова И. А.;1
Афанасьев В. А.;1
Афанасьев Ю. С.;1
Ахмадеева Е. В.;1
Ахмадиев Ф. В.;1
Ашомко А.;1
Б Я.;1
Бабаев Э. О.;1
Бабанин Л. Н.;1
Бабинцева Л.;1
Бабурин В. А.;1
Бабынин А. Н.;1
Бадиль К. К.;1
Базанова Е. М.;1
Базина Е. С.;1
Байков А.;1
Байракимов А. Б.;1
Бакулев Г. П.;1
Балашов А. Н.;1
Балилый Н. А.;1
Балмаевой С.;1
Балуев Д. Г.;1
Баньковскои С. П.;1
Баньковской С. П.;1
Барабан Е.;1
Баранов А. М.;1
Баранов Н. А.;1
Бараш Р. Э.;1
Барбанель М.;1
Барежев А. А.;1
Барежев В. А.;1
Баричко Я. Б.;1
Баркова А. Л.;1
Барлоу Д. П.;1
Бармина Е. Ю.;1
Баррат М.;1
Барсенков А. С.;1
Барышников П. Н.;1
Баснер Е.;1
Басов Д. Д.;1
Баталова О. С.;1
Батлер Д.;1
Безбородову А. Б.;1
Бездушко Е.;1
Беззубиков А.;1
Бейненсон В. А.;1
Бек М.;1
Беквит Г.;1
Белинская А. Е.;1
Белова Л. И.;1
Белоглазова К.;1
Белопольская Н.;1
Бельская Е.;1
Бельских М.;1
Беляев И. К.;1
Белянцев А. Е.;1
Бендит Д.;1
Бергер Н.;1
Бергер П. А.;1
Берд П.;1
Березин С. В.;1
Березовская Л. С.;1
Берков П. Н.;1
Берлин И.;1
Берман Н. Д.;1
Бернадская С. С.;1
Бернейс Э.;1
Берняева Е. И.;1
Берради Ф.;1
Бессмертная М.;1
Бест Р.;1
Бетс Б.;1
Бибихина В. В.;1
Библер В. С.;1
Билюк А. А.;1
Бирюков А.;1
Бирюкова М. В.;1
Бишоп К.;1
Блейк Б.;1
Блок Б.;1
Блохин И. Н.;1
Блумер Г.;1
Блягоз З. У.;1
Бобров В. Б.;1
Боброва И.;1
Бобровский Е. А.;1
Бобылев И.;1
Богданов Е. Н.;1
Богданов К. А.;1
Богомазова Т. Г.;1
Богуславская В. В.;1
Богуславский И. В.;1
Бодалев А. А.;1
Бодрийар Ж.;1
Бойл Д.;1
Бок Г.;1
Бокарев В. А.;1
Болен Д. Ш.;1
Болланд Б.;1
Большаков А. В.;1
Большаков В.;1
Бомсдорфа Г.;1
Бондаренко С. В.;1
Бордюкова Ф.;1
Борзенко А.;1
Борисов С. И.;1
Борисова В. В.;1
Борисова В. И.;1
Борисова Е. Б.;1
Боровикова А.;1
Боровский А.;1
Бороненко Т. А.;1
Борченко И. Д.;1
Бочавер К.;1
Бочавер С. К.;1
Бпюм А. В.;1
Брайндли С.;1
Брайсон В.;1
Брандт Е.;1
Братковский К. С.;1
Браудо Е. М.;1
Броган К.;1
Брум М.;1
Брызгалин В. А.;1
Брындин В. В.;1
Брычков А. Р.;1
Брю С. Л.;1
Брюхин А. Е.;1
Бубнова Ю. Б.;1
Бугаева Л.;1
Бугайчук К. М.;1
Бугуева Н. А.;1
Букхорст А.;1
Булаева М. Н.;1
Буланова О. И.;1
Булгаков С. Н.;1
Булганина С. В.;1
Буравцова В. В.;1
Бурдье П.;1
Бурлакова Е.;1
Бурлюк Д. Д.;1
Буррио Н.;1
Бутняков Т.;1
Быков Д. Л.;1
Быховская И. М.;1
Бычкова Е.;1
Бычкова О. И.;1
Бычковский Ф. Н.;1
Бэннон С. К.;1
Бюген Ж.;1
Бюрш М.;1
В В.;1
Вавилова М.;1
Вавилова Н. И.;1
Ваганов А.;1
Ваи И.;1
Вайзер Т.;1
Варга Е. С.;1
Варганова Г.;1
Варламов И.;1
Варламова С. Н.;1
Вартанов С. А.;1
Вартанова Е.;1
Вартановои Е. Л.;1
Варшавская Ю.;1
Василенко Е. И.;1
Васильев П.;1
Васильев С. И.;1
Васильева Е. Ю.;1
Васюк Е. Н.;1
Васютинский Н. А.;1
Вахрушев В.;1
Вахштайн В.;1
Введенский Б. А.;1
Вдовин А. И.;1
Вебер М.;1
Веблен Т.;1
Величко Н.;1
Вельцель К.;1
Венкова А. В.;1
Веремеенко О. Г.;1
Верещагин Е. М.;1
Верхорубова В.;1
Вершинина А. Г.;1
Веснин В. Р.;1
Вигарелло Ж.;1
Визуальных Т.;1
Виноградов И. А.;1
Виноградовои Е.;1
Винчи Л.;1
Вирченко К.;1
Витвинчук В. В.;1
Витвицкая Н.;1
Вишневский К.;1
Вишневский К. О.;1
Власов М. П.;1
Власова С. А.;1
Внебрачных Р. А.;1
Воглер Д.;1
Водкин К. С.;1
Воинова Е.;1
Воинова Е. А.;1
Войскунский А. Е.;1
Воленко A.;1
Волкова П.;1
Волнухина В.;1
Волнухина В. И.;1
Волокитин Д. Ю.;1
Волынская А. Г.;1
Вольфсон Ю. Р.;1
Вольчина А. Е.;1
Вонг Д.;1
Воображаемое П.;1
Воробьева Д. С.;1
Ворожейкина Л. И.;1
Вороненко В. А.;1
Воронин А. В.;1
Воронина О. А.;1
Воронкин А. С.;1
Воронкова М.;1
Воронкова С. В.;1
Воронцов А.;1
Ворошилова С. В.;1
Воскресенская Е. В.;1
Воскресенская И. Н.;1
Вроцос К.;1
Втюрина Е.;1
Втюрина Е. А.;1
Вундт В.;1
Выготский Л. С.;1
Вырковский А. В.;1
Вьюгина Д. М.;1
Гааг Н. А.;1
Гаврилов А.;1
Гаврилова О. А.;1
Гаврилова Т. П.;1
Газарова Е. Э.;1
Галкин Д. В.;1
Галустян А.;1
Галустян В.;1
Галяпина В. Н.;1
Галяутдинова С. И.;1
Гамбарато Р.;1
Гандалоева М. Т.;1
Ганева А. Г.;1
Гарбовская Я.;1
Гарбузняк А. Ю.;1
Гармаханов М. Ц.;1
Гармс Р.;1
Гаспаров М. Л.;1
Гассет Х.;1
Гегель Г. В.;1
Гейман Ю. В.;1
Гельман М.;1
Генкин Д. М.;1
Герасимова С. А.;1
Герлах Г. М.;1
Герцена А. И.;1
Гетманова А. В.;1
Гидденс Э.;1
Гизатуллин В. А.;1
Гизатуллин Х. Н.;1
Гилмор Д.;1
Гиль А. Ю.;1
Гильдебранд Д. Ф.;1
Гинзбург С.;1
Гиренок Ф. И.;1
Гладких И. О.;1
Гладков Л. А.;1
Гладкова Н. В.;1
Глазкова С. А.;1
Глухов Д.;1
Гнедича И.;1
Гнетн А. И.;1
Гоголя Н. В.;1
Гогохия И.;1
Годар Ж.;1
Голиков А.;1
Голов А.;1
Головацкая О. Е.;1
Головин Ю. А.;1
Головня А.;1
Головня А. Д.;1
Головскои В.;1
Головчинер В. Е.;1
Голосенко И. А.;1
Голубев М.;1
Голубева К.;1
Голубей Г. Н.;1
Голышев В.;1
Голядкин Н. А.;1
Гомис E.;1
Гончарова Е. Р.;1
Гончарова Н. Ю.;1
Горбачев А.;1
Горбачев Н.;1
Гордийчук Б.;1
Гореликов А.;1
Горелков А.;1
Горелова А. А.;1
Горкина М.;1
Горновая В. А.;1
Горохов А.;1
Горохова Л. И.;1
Горшенина Д. А.;1
Горшкова И. Д.;1
Горький М.;1
Горького А. М.;1
Горяева Т. М.;1
Горячева Т. В.;1
Гостева А.;1
Государство П.;1
Готлиб А. С.;1
Готфрид П.;1
Гоуайзер Ш.;1
Гохберг Л.;1
Градинари И.;1
Градюшко А.;1
Грант А.;1
Грачевский Б.;1
Гребенников О.;1
Гребешева И. И.;1
Гревцов В. Е.;1
Грей Т.;1
Гремина Е.;1
Грибовод Е. Г.;1
Григоренко Д. В.;1
Григорьва Р. Г.;1
Григорьев М. Н.;1
Григорьев Р. Г.;1
Григорьева А. Н.;1
Григорьева В. А.;1
Григорьева Н.;1
Григорьева Н. Ю.;1
Гринь Е. С.;1
Гройс Б.;1
Громов Е.;1
Грошев И. В.;1
Грудцына Л. Ю.;1
Грунян Г.;1
Грюнберг П. Н.;1
Гудридж М.;1
Гук Д. Ю.;1
Гулимова А. Н.;1
Гулин И.;1
Гуреева А. Н.;1
Гурлянд И. Я.;1
Гуртов В. А.;1
Гусев А.;1
Гусеи А. А.;1
Гусейнов А. А.;1
Гусман П.;1
Гусятников П. С.;1
Дадаева Т. М.;1
Дамберг С. В.;1
Дамм В. Г.;1
Данилец А.;1
Данилкина О.;1
Даниэля С. М.;1
Данкан К.;1
Данченок Л. А.;1
Данько Т. П.;1
Дарбинян С.;1
Дасаевои Т. Н.;1
Дасаевой Т. Н.;1
Даулинга С. М.;1
Дафт Р. Л.;1
Даянова Э. М.;1
Делицын Л. Л.;1
Дельмотт П.;1
Демидов В. Е.;1
Демидова П. Г.;1
Демина С.;1
Демченков С. А.;1
Демчук О. Н.;1
Деникин А.;1
Деникин А. А.;1
Дергунова А. В.;1
Дерябяина А.;1
Детство Э.;1
Дефо Д.;1
Джеймс С.;1
Джекобс Д.;1
Джонсон Р.;1
Джордж Э.;1
Джулай Л. Н.;1
Дзига В.;1
Димке Д.;1
Дмитриев А. А.;1
Дмитриева А.;1
Дмитриевой Л. М.;1
Добренко Е.;1
Добринская Д. Е.;1
Добрынин А. П.;1
Дозорцев В. А.;1
Дозорцева В. А.;1
Дойл К.;1
Докука С. В.;1
Долак Я.;1
Долинин А.;1
Дом С.;1
Домбровская И.;1
Донских Н.;1
Дорожная Н.;1
Дорофеев В. Ю.;1
Дорофеева А. А.;1
Дорофеева О. Е.;1
Дорошкевич А. С.;1
Дорощук Е. С.;1
Достоевский Ф.;1
Драгичевич- М.;1
Дремова Е. С.;1
Дробашенко С.;1
Дробинцева М. А.;1
Дробышева И.;1
Дроздова А. В.;1
Дубинин Ю. В.;1
Дубинская Т. И.;1
Дугган Ш.;1
Дудник В. В.;1
Дунаева Е. В.;1
Дунаевский А.;1
Душкина М. Р.;1
Дымшица И. В.;1
Дэвид М.;1
Дягилев C.;1
Дятлова А. А.;1
Евлампиев И. И.;1
Евсеева В.;1
Евсикова Е. В.;1
Евстифеева А. А.;1
Евтеев М. А.;1
Евтеева М. Л.;1
Евченко Н. А.;1
Егорычева С. А.;1
Ейкалис Ю. А.;1
Елисеев С. М.;1
Елисеева Е. А.;1
Елков О.;1
Емельянов С. Н.;1
Ермакова Е.;1
Ермакова Е. Е.;1
Ермакова Е. Ю.;1
Ермакова О. Л.;1
Ермизина Е. В.;1
Ермилова Д. Ю.;1
Ермолин Е. A.;1
Ермолова Н.;1
Ерофеев В.;1
Ерофеева Л.;1
Ерохин С. В.;1
Ершов Ю. М.;1
Еськин Д. Л.;1
Ефанов А. А.;1
Ефимов А. И.;1
Ефременко Д. В.;1
Ефремова Т. А.;1
Ефремова Т. Ф.;1
Жакенов В. А.;1
Жанр E. M.;1
Жаринов Е.;1
Жеребкиной И.;1
Живодеров В. Е.;1
Жигулина В. В.;1
Жильцов И. М.;1
Жиляева А.;1
Жичкина А. Е.;1
Жичкина Е. П.;1
Жорова Т. М.;1
Жукова В. А.;1
Жукова Н. И.;1
Журавлева И. А.;1
Журман О.;1
Завадская В. В.;1
Завадского В.;1
Завьялов П. С.;1
Завьялова Е. К.;1
Заговора М.;1
Задорожная К. В.;1
Зазыкин В. Г.;1
Зайцев Д. Г.;1
Зайцев М. Л.;1
Зайцев С.;1
Залесскии Б. Л.;1
Залесский Б. Л.;1
Зандер Е. В.;1
Зандер Л. А.;1
Запорожец О. И.;1
Заренков В. А.;1
Заруский Я. Н.;1
Зархи В.;1
Заславский М.;1
Захаревич А.;1
Захаренко С. В.;1
Захарова М. В.;1
Захарченко Н. А.;1
Зацепин В.;1
Зверева В. В.;1
Звягинцев В.;1
Здорового Ю. А.;1
Зегонов О.;1
Зеленского В.;1
Зенин И.;1
Зенин И. А.;1
Зенкин С. Н.;1
Зенкина М.;1
Зикерманн Г.;1
Зимина С.;1
Зимняя И. А.;1
Зинин И.;1
Зиновьева А.;1
Зиновьева Н. А.;1
Зиновьева Т. В.;1
Зинченко Б.;1
Зинченко Б. Г.;1
Золотов А. В.;1
Зорич А.;1
Зоркая Н.;1
Зотов В.;1
Зубаревич Н.;1
Зубаревич Н. В.;1
Ибрагимова М. Х.;1
Иванов Б.;1
Иванов В. К.;1
Иванов Д. В.;1
Иванов О.;1
Иванов О. Е.;1
Иванов С. В.;1
Иванова О. С.;1
Ивановой Т.;1
Игнатов П. В.;1
Игумнова Е. В.;1
Изард К. Э.;1
Избр С. М.;1
Извенков А.;1
Изд-во С.;1
Издатель Л.;1
Издательско-торговая М.;1
Издательство С.;1
Изотов В. В.;1
Изучение Г.;1
Ильин М. В.;1
Ильиной И. Н.;1
Ильинская К. А.;1
Ильмухин В. Н.;1
Ильницкий К. О.;1
Инглхарт Р.;1
Индик У.;1
Интернационала В. Е.;1
Инютин В. В.;1
Иоскевич Я. Б.;1
Иофис Е.;1
Иофис И. А.;1
Иригарей Л.;1
Исаев Б. А.;1
Исаев Д.;1
Искусств Н. К.;1
Искусство А. В.;1
История В. В.;1
Ишанханова Г.;1
Ишунькина И.;1
Йесод А.;1
Йеттингер Э.;1
Йоффе Е.;1
К В.;1
Кадовбенко В. Д.;1
Казакова Е.;1
Казаринова Н. В.;1
Казун А. Д.;1
Кайсина А. В.;1
Калабихина Е. А.;1
Калмыков А. А.;1
Калятин В.;1
Калятин В. О.;1
Каменева Т.;1
Каминченко Д. И.;1
Камоцкий А. С.;1
Камсюк Л. Г.;1
Камю А.;1
Канашина С. В.;1
Кандинской Н.;1
Каплунов Д.;1
Капп Э.;1
Капустин Б.;1
Капферер Ж.;1
Караганис О.;1
Каракозов С. Д.;1
Карастелев В. Е.;1
Карась И.;1
Каримов Р.;1
Карл Ю.;1
Карлышев Г. В.;1
Карозерс Т.;1
Карпов В. Н.;1
Карпова В. П.;1
Карпова И. К.;1
Карпова М. А.;1
Карпова М. К.;1
Карпушкин И.;1
Карпушкин М. А.;1
Каррыев Б.;1
Карут К.;1
Карчава Л.;1
Каспарова Д. А.;1
Касьянов В. В.;1
Катлип М.;1
Кауфман М.;1
Качалова С.;1
Качкаева А. Г.;1
Качурин И.;1
Келдыша Ю. В.;1
Келлер К.;1
Келлер К. Л.;1
Кемарская И. Н.;1
Кемпнер А.;1
Киаростами А.;1
Ким Ч.;1
Кинематограф В.;1
Кириллова Н. Б.;1
Кириченко К.;1
Кирия И.;1
Кирьянов О. В.;1
Кирюхина И. А.;1
Киселева С. Н.;1
Киселевич А. В.;1
Киссейн Э.;1
Киссель М. А.;1
Китаянка Л.;1
Китовой О. В.;1
Климов В.;1
Климов Ю.;1
Клингсайс К.;1
Клюев Е. В.;1
Клюев Ю. В.;1
Клягина А. А.;1
Кляйн Н.;1
Кметь Е. Б.;1
Кнаусе Б.;1
Кнебель М.;1
Книга I.;1
Кобылин И.;1
Ковалев Е. М.;1
Ковалева А. Д.;1
Ковалевская А.;1
Кожанов А. А.;1
Кожевникова В. А.;1
Кожевникова П. А.;1
Кожушко О.;1
Козлов Е. В.;1
Козырев Г. И.;1
Козырь Н. С.;1
Колбер Ф.;1
Колесниченко А. В.;1
Колесов В. В.;1
Колесов Д. В.;1
Колозариди П.;1
Коломиец В. П.;1
Колосов Г.;1
Колосова А. А.;1
Колоцей Л.;1
Колупаева А.;1
Колчина А.;1
Колышкина Т. Б.;1
Комаров А.;1
Комаров С.;1
Комаровский В. С.;1
Кондратьева Е. Н.;1
Кондря Т.;1
Конев Е. Ф.;1
Коннорс Д. Б.;1
Коноваленко В. А.;1
Коноваленко М. Ю.;1
Коноваленко Н. Г.;1
Коновалов Л.;1
Кононенко Е.;1
Коноплицкий С.;1
Константинова А.;1
Константинова Д. И.;1
Конфорти М.;1
Концерт Е. В;1
Конышева Е. В.;1
Корбута А. М.;1
Коренева М. М.;1
Корень Г. Ю.;1
Корецкая М. А.;1
Корнева И.;1
Корнеева Е. А.;1
Коробкова Н. А.;1
Коробочкина М. Л.;1
Королев Н.;1
Коростелева А.;1
Коротаева Н. В.;1
Коротков Э. М.;1
Корте Г.;1
Корюкаев И. А.;1
Корюхина И.;1
Косарецкий С. Г.;1
Косоруков О. А.;1
Костиков И.;1
Костин А. И.;1
Костин Ю. А.;1
Костина А. В.;1
Костина А. И.;1
Костомаров В. Г.;1
Косторная Я. А.;1
Кот Д.;1
Котлер Г.;1
Котов Д.;1
Котомина А.;1
Коханова Л. А.;1
Кохановская М.;1
Кошурникова Ю. Е.;1
Кравцов Ю. А.;1
Кравченко А. И.;1
Кравченко С. А.;1
Красноярова О. В.;1
Красных А. И.;1
Красько К. В.;1
Кратасюк Е.;1
Кремнев Д. В.;1
Кривоносов А.;1
Кривуля Н. Г.;1
Крижановская Ю. С.;1
Кримп Д.;1
Кришна Г.;1
Криштул Б. И.;1
Крол А.;1
Кролл А.;1
Круг С.;1
Круглов М. С.;1
Крунтяева Т. С.;1
Крученых А. Е.;1
Крылов А. А.;1
Крюкова Е.;1
Ксалов А. М.;1
Ксенофонтова И. В.;1
Кудайбергенов Б. К.;1
Кузнецов А. В.;1
Кузнецов Н. В.;1
Кузнецова М. О.;1
Кузнецова Т. Е.;1
Кузьмина А. В.;1
Куклина А. Ю.;1
Кукьер К.;1
Кулешов Л.;1
Кули Ч. Х.;1
Кулинкина Т. Ю.;1
Куличкина Г. В.;1
Кульчицкая Д. Ю.;1
Кунде Й.;1
Кунин А. И.;1
Куницына В. Н.;1
Куприяновский В. П.;1
Кураева М. С.;1
Куренной В.;1
Курпатов А. В.;1
Курскин Д.;1
Курьянов К.;1
Кушков Е. А.;1
Кушнаревой И.;1
Кушнира И.;1
Кыштымова И. М.;1
Кэмбелл Д.;1
Кэтмелл Э.;1
Лаврищева М. С.;1
Лагуткин А. В.;1
Ладная Е. В.;1
Лазарева О. В.;1
Лазаревич Э. А.;1
Лазутина Г. В.;1
Ламетри Ж. О.;1
Ланг С.;1
Ландау Н.;1
Лапин А.;1
Лапин Н. И.;1
Лапкин В. В.;1
Латышева М.;1
Лебедев Н. А.;1
Лебедева М. М.;1
Лебедевой М. В.;1
Лебедевой М. М.;1
Лебрехт Н.;1
Левашов В. К.;1
Левашова В. К.;1
Левин А. И.;1
Левит С. Я.;1
Левочкин В.;1
Левченко В. Ю.;1
Леготкина Л. Р.;1
Леденева Е. В.;1
Ледяев В. Г.;1
Лежнина Ю. П.;1
Лейни Т. А.;1
Лекции Ф.;1
Лемешева М.;1
Леонтьев К. Б.;1
Леонтьева К.;1
Либерман М.;1
Ливсон М. В.;1
Лимарова Е. В.;1
Линдер Д.;1
Липпман У.;1
Липсиц И. В.;1
Липсица М. Н.;1
Лисецкий К. С.;1
Литвинова A.;1
Лиханова З.;1
Лихачев Д. С.;1
Лихачев Н.;1
Лихте Э.;1
Лобачевского Н. И.;1
Ломов Б. Ф.;1
Ломоносов М. В.;1
Лонной T.;1
Лопатина А. Б.;1
Лопаткина М.;1
Лопаткина Н. С.;1
Лосскии Н.;1
Лотман М. Ю.;1
Лотман Ю.;1
Лоцман Ю.;1
Луданова Т. В.;1
Лужнова М. И.;1
Лужнова Н. В.;1
Лукашук И. И.;1
Лукина И.;1
Лукиной М.;1
Луковцева З.;1
Лукьянов В. Г.;1
Луначарского А. В.;1
Лунин И. И.;1
Лутохина А. И.;1
Лучинкина А.;1
Лымар А. В.;1
Лысакова А. А.;1
Лысова А.;1
Люмет С.;1
Мабли Э.;1
Маврищев В. В.;1
Майерс Д.;1
Майсак О. С.;1
Мак Н.;1
Макарова Е. Е.;1
Маккена Д.;1
Маккенна К.;1
Маккин Д.;1
Макконнелл К. Р.;1
Маклакова А. Ю.;1
Маклюэн Г.;1
Маклюэн Г. М.;1
Максимова А. С.;1
Малахов В. С.;1
Малышев А. А.;1
Малышева А. А.;1
Малышева А. В.;1
Малышева М.;1
Малькевич В. А.;1
Малькова Л. Ю.;1
Малюкова Е.;1
Мамадназарбекова К.;1
Мамаева О.;1
Мамардашвили М. К.;1
Мамонтов А.;1
Мамонтов А. С.;1
Мамонтов С. П.;1
Мамонтова А. И.;1
Манаенко Г. Н.;1
Мандрица И. В.;1
Манжула К.;1
Мании Ю. И.;1
Манский М.;1
Мануйлова Е. С.;1
Маньковская Н. Б.;1
Маняхина В. Г.;1
Маракулина И. В.;1
Мареева Е. В.;1
Маренцова А. И.;1
Марилов В. В.;1
Маркарян Э. С.;1
Маркер К.;1
Марков М.;1
Маркова Е. В.;1
Маркс К.;1
Маркузе Г.;1
Марочкина Л. Ф.;1
Мартинес Р.;1
Мартынова А. Д.;1
Марчук Н. Ю.;1
Марышев Д. М.;1
Маслач Э.;1
Масленникова Л. Г.;1
Маслова М. В.;1
Массон- В.;1
Матвеев А. Г.;1
Матвеева Л. В.;1
Матизен Л.;1
Матусовского М.;1
Маховская О.;1
Мачерет A. B.;1
Машковцева Б. А.;1
Медведева И.;1
Меерович М. Г.;1
Международный М.;1
Меленевской Э. Д.;1
Мелехова А.;1
Мелешкина Е. Ю.;1
Мелконян К. Ю.;1
Меллера К.;1
Мелодинский Д. Л.;1
Мельвиля А. Ю.;1
Мельников М. В.;1
Мельникова А. Ю.;1
Мельникова Н. В.;1
Мельникова Н. С.;1
Мельничук Т. А.;1
Мемуары С. М.;1
Менделевич В. Д.;1
Менегетти А.;1
Менцель Б.;1
Меняв М. Ф.;1
Меняшев Р. Ш.;1
Мерзликин П.;1
Мертон Р. К.;1
Местецкий Б.;1
Мещеряков Б.;1
Мещеряков В.;1
Мещерякова В. П.;1
Мизев А.;1
Мизес Л.;1
Мизиано В.;1
Милов Л. В.;1
Милова Л. В.;1
Мин М.;1
Мина Е. И.;1
Минаев С.;1
Минко А. А.;1
Минко И. С.;1
Мир А.;1
Мирецкий Р. И.;1
Мирный С.;1
Мирович М. О.;1
Мирошников Ю. И.;1
Мисонжников А. Н.;1
Мисонжников Б. Я.;1
Митина О. В.;1
Митрофанова А.;1
Митрохина Л. В.;1
Митчел Э.;1
Митчелл У. Д.;1
Миф О. М.;1
Михайлов А. С.;1
Михайлов М. В.;1
Михайлов С. Б.;1
Михайлова Т.;1
Михайлова Т. А.;1
Михалевой А.;1
Михантьева М.;1
Михеева О. П.;1
Михель Д. В.;1
Михельсон О. К.;1
Мишарин Н. В.;1
Мишин А.;1
Мишина Л. А.;1
Мищенко В.;1
Моборн В.;1
Моборн Р.;1
Могилевская Э.;1
Мозер Р.;1
Моисеева О. А.;1
Молодина Е. Г.;1
Молокова Н. В.;1
Монгайт А.;1
Монина М. К.;1
Монтаж С.;1
Мороз М.;1
Мороз О.;1
Морозов Г. Н.;1
Морозов С.;1
Морозова Е. И.;1
Морозова С.;1
Морозова Т.;1
Моррис Э.;1
Моррисон Г.;1
Москва М.;1
Мотылев Л.;1
Мохов С.;1
Мохов С. В.;1
Мочалов Л. В.;1
Музыканкина Ю. А.;1
Мунчаев Ш. М.;1
Мур А.;1
Муравьева М.;1
Муратов С. А;1
Мурашев А.;1
Мурза С.;1
Мурзабекова К. Б.;1
Мурти Д.;1
Мусатова С. А.;1
Мустафина М.;1
Муталибеков Р. А.;1
Муфума- Д.;1
Мухаметов Р. С.;1
Муханова Е. Д.;1
Мэддокс А.;1
Мэтьюз Д. Б.;1
Мюллензифен Д.;1
Мягтина Н.;1
Мяло Г. К.;1
Н Е.;1
Нагорный О.;1
Назайкин А.;1
Назаретян К. А.;1
Назимко А. Е.;1
Найдыш В. М.;1
Намедни Л.;1
Намиот Д. Е.;1
Наука Л. А.;1
Наука С.;1
Наумова Е.;1
Наумова Н. Г.;1
Нафтульев А. И.;1
Невоструев П.;1
Негри А.;1
Недошивина Г. А.;1
Неклюдов С. Ю.;1
Нелюбина А. М.;1
Нестерова О. А.;1
Нехорошев Л. Н.;1
Нечаев А. П.;1
Никитин А.;1
Никитина Е. Э.;1
Никишина Е. Н.;1
Николаев Д. Е.;1
Николаева В.;1
Николаева В. Г.;1
Николаева В. М.;1
Николаева Н. С.;1
Николаева П. В.;1
Николаенко Г. А.;1
Николс Б.;1
Никонов С. А.;1
Никонов С. Б.;1
Никулин Д. Н.;1
Никулина М. С.;1
Никулина О. В.;1
Ницше Ф.;1
Новаторова Д. С.;1
Новиков В. Н.;1
Новиков К. Ю.;1
Новиков М. А.;1
Новикова Е. В.;1
Новикова Н.;1
Новикова Т. Е.;1
Новиковой Т.;1
Новицкий П. И.;1
Новоженина О. П.;1
Новосадского Н. И.;1
Новоселова Л.;1
Новоселова Л. А.;1
Новоселова Н. А.;1
Новые Г.;1
Новые Р.;1
Нор Н. В.;1
Норман Д.;1
Носовец С. Г.;1
Нотопечатание H. А.;1
Нурабаев А.;1
Обжорин А. М.;1
Оболонский А. В.;1
Обухов М.;1
Общество Ж.;1
Общность Ф.;1
Овинникова С.;1
Овшинов А. Н.;1
Огилви Д.;1
Огнев К. К.;1
Огурцов Г. Ю.;1
Огурчикова В. В.;1
Огурчикова П. К.;1
Одегова К. И.;1
Ожегов С. И.;1
Ожегова С. И.;1
Окия К.;1
Окороков В. И;1
Окунев И. Ю.;1
Оленников С. М.;1
Олива И. В.;1
Ольшевский А.;1
Омельченко Е.;1
Онкович А. В.;1
Онкович А. Д.;1
Опарина И.;1
Ораев Д.;1
Орлов А. И.;1
Орлов А. М.;1
Орлов А. С.;1
Орлов П.;1
Орлова В. В.;1
Орлова Г.;1
Орлова Е. И.;1
Осика Ю. Л.;1
Осин Р. В.;1
Осипов Г. В.;1
Осипова Н. Г.;1
Основы Б. Н.;1
Оставшева Д.;1
Остапова А. В.;1
Павина А. В.;1
Павленко В. Ю.;1
Павлинов И. Я.;1
Павлов А. В.;1
Павлова А.;1
Павлова Е. А.;1
Павловская Я.;1
Падейского В. В.;1
Падейского В. И.;1
Падовани Д.;1
Пайн Д.;1
Пайнс К.;1
Пайнс Э.;1
Паклина В. В.;1
Паксина Е. Б.;1
Палванова А. К.;1
Палий В.;1
Пантелеева Т. А.;1
Пантин В. И.;1
Панфилов А. Н.;1
Панфилов Н.;1
Паринов А. В.;1
Паринов С. И.;1
Парк Р. Э.;1
Паркер М.;1
Парко И. В.;1
Паркс М.;1
Партиципация О.;1
Парфеньтев А.;1
Пархоменко Я. А.;1
Паршаковой Е. И.;1
Пассман Д.;1
Патоша Н. В.;1
Пеан Р.;1
Пеннебейкер Д. А.;1
Пенская Е. Н.;1
Перевод А.;1
Перевод В. Л.;1
Перевод Н.;1
Перегудова Л. И.;1
Перелыгина Е. Б.;1
Переслегин С.;1
Перция В. М.;1
Перчаткина С. А.;1
Петерсона Н. П.;1
Петренко В. И.;1
Петров Д. Б.;1
Петров С. В.;1
Петров- К. С.;1
Петровой Е. А.;1
Петухов Р. В.;1
Петухова А. Д.;1
Печатня А.;1
Печенкин В. В.;1
Пидкок С.;1
Пикулева О. А.;1
Пилигрим E. R;1
Пильгун М. А.;1
Пирани В.;1
Пирси Н.;1
Писаренко Д.;1
Писарчик Т. П.;1
Пичурина Н. Н.;1
Платоновой В.;1
Плахов З.;1
Плеханова Г. В.;1
Плосков П. А.;1
Плотницкий Ю. Е.;1
Погольша В. М.;1
Погребняк А.;1
Поданаева Е. С.;1
Позднев М. М.;1
Позднякова Т. М.;1
Познин В. Ф.;1
Покровская Н.;1
Покровский Н. Н.;1
Полдников Д. Ю.;1
Поликарпов Д. Д.;1
Поликовский А.;1
Полин Я. А.;1
Политика А.;1
Политов Ю.;1
Полищук Л.;1
Полищук Л. И.;1
Полозкова В. Н.;1
Полторацкая Н.;1
Поляков А. А.;1
Поляков В. А.;1
Поляков Т. П.;1
Полянская Е. М.;1
Пониз В. Ф.;1
Поплавская Н. В.;1
Попова И.;1
Попова С.;1
Поправко В. Н.;1
Порчайкина Н. В.;1
Послыхалин А. Ю.;1
Поспелов Г.;1
Поспеловский Д. В.;1
Почепцов Г. Г.;1
Правоверова Л. Л.;1
Празднова О. С.;1
Пржевальская А. В.;1
Припузова Н. А.;1
Приходько П. Г.;1
Прожико Г.;1
Прокш М. Ю.;1
Пропп В.;1
Просалова В. С.;1
Проскурина Е. Ю.;1
Прудникова А. Ю.;1
Прудникова Л. В.;1
Психология Л. С.;1
Пугачев П.;1
Пудовкин В.;1
Пунин Н.;1
Пунин Н. Н.;1
Пустовит И.;1
Путешествие К.;1
Пушкин С. А.;1
Пушкина А. С.;1
Пушкина О.;1
Пфанштиль И.;1
Пферч В.;1
Пшеничная А. И.;1
Пыркина Д.;1
Радаев В. В.;1
Раевская Е. А.;1
Разумова Т. О.;1
Райли Н.;1
Рампаццо Г. Р.;1
Ранович А.;1
Рансьер Ж.;1
Раппопорт С. Х.;1
Распопов А.;1
Распопова C. C.;1
Распопова С.;1
Рассудов П.;1
Расторгуев А.;1
Рахманова Т. Д.;1
Раш М.;1
Регуш Л. А.;1
Редреева Е.;1
Режиссура М.;1
Рейтблат А.;1
Рейфман Б. В.;1
Рейфман П. С.;1
Реквием Ж.;1
Рено А.;1
Репрева А.;1
Рется С.;1
Рефл-бук К.;1
Речная Л.;1
Речь I. M.;1
Римашевская Н.;1
Рис Э.;1
Рихтер Р.;1
Робертс Д.;1
Робертс К.;1
Роговец О. В.;1
Рогозин Д.;1
Роджерс Д.;1
Родин А.;1
Роднянскии А. Е.;1
Роднянский И.;1
Родригес Р.;1
Рожина Е. Ю.;1
Рожина И. В.;1
Розенберг Н. В.;1
Рок Е.;1
Романенкова Д. А.;1
Романенкова О. В.;1
Романов А. А.;1
Романов В. А.;1
Романцов А. Н.;1
Ромашко С.;1
Ромашко С. А.;1
Россер Р.;1
Роуз Р.;1
Рубин Г. А.;1
Рубинштейн А. Я.;1
Руденко А.;1
Рудова О. Р.;1
Руе L.;1
Рузаев С.;1
Рузакова О. А.;1
Рузанов А.;1
Румянцев Д. В.;1
Румянцев О.;1
Русакова Н. А.;1
Русакова О. Ф.;1
Русскии С. М.;1
Русское Е. Ю.;1
Рухлова Е.;1
Рыжакова С. И.;1
Рыков Ю.;1
Рылова Ю. А.;1
Рыманов А. Ю.;1
Рябов О. В.;1
Рябова Т. Б.;1
Рязанов В. Ю.;1
С М. С.;1
Сабинина М. В.;1
Савельев А. И.;1
Савельева И. П.;1
Савенкова С. Е.;1
Савицкая Е. А.;1
Савицкий Г. В.;1
Савченкова Н.;1
Савчук В.;1
Сагынбекова А. С.;1
Сажин М. В.;1
Сазонникова Е. В.;1
Сазонов А. П.;1
Сайкин Е.;1
Саймон Н.;1
Саламова З. К.;1
Саламова С. Я.;1
Салех И.;1
Сальникова Е. В.;1
Сальхова Т. Э.;1
Самара М.;1
Самарцев О. Р.;1
Саматов К. М.;1
Самойлова В. Е.;1
Самутина Н.;1
Самыгин С. И.;1
Сапанжа О.;1
Сапронов П. А.;1
Сапрыкина Д. И.;1
Сарабьянов А. Д.;1
Сараскин В. А.;1
Сартр Ж.;1
Сартра П.;1
Сартра С.;1
Сатунина А. Е.;1
Сахарова И. Н;1
Сахарова И. Н.;1
Саяпина И. Ю.;1
Светляков К. А.;1
Свечникова И. В.;1
Севастьянова О. И.;1
Седита С.;1
Сезнева Д.;1
Сеидов В. Г.;1
Селиванов Н. Л.;1
Селиванова Е. Ю.;1
Селиванова Т. В.;1
Сем К.;1
Семендяева О. Ю.;1
Семенков В. Е.;1
Семенова Е. А.;1
Семенова С. Г.;1
Семенова Ю. В.;1
Семенченко Р.;1
Семигин А. П.;1
Семилет Т. А.;1
Сенаторов А. А.;1
Сентер Х.;1
Сервантес М.;1
Сергеев C. Ф.;1
Сергеев С.;1
Сергеевой Л. С.;1
Сергиенко С.;1
Серго А. Г.;1
Серебриян Б.;1
Серебровская О. В.;1
Серебрянский С.;1
Серова Л. М.;1
Сивякова Е.;1
Сивякова Е. В.;1
Сидоренко В. А.;1
Сидоров А.;1
Сидоров А. Н.;1
Сидорова О.;1
Силантьева О.;1
Сильнова Е. И.;1
Симакова Т.;1
Симбирская Е.;1
Симкина А. В.;1
Симондон Ж.;1
Симонова Т. М.;1
Синцов Д. Е.;1
Синягов С. А.;1
Синяева И. М.;1
Синяева О. Н.;1
Сиривля Н.;1
Ски П. Р.;1
Скиннер К.;1
Склез К.;1
Сколота З. Н.;1
Скрижалина Е.;1
Сланова А. Ю.;1
Слащева Ю.;1
Следзевский И. В.;1
Смертин А. Н.;1
Смеюха В. В.;1
Смирнов C. Н.;1
Смирнов А.;1
Смирнов А. И.;1
Смирнов В. П.;1
Смирнов С. С.;1
Смирнова А.;1
Смирнова В. В.;1
Смирнова Е. Г.;1
Смит Д.;1
Смит Й.;1
Смит Т.;1
Смольянинова Е. Н.;1
Смотрова Ю. С.;1
Снегирев И. М.;1
Снигирева О. М.;1
Сновальникова У. А.;1
Соболева А. М.;1
Соболева Е. С.;1
Советскии А.;1
Современная А. И.;1
Современная Н. В.;1
Созаев В.;1
Сойкина П. П.;1
Соколов А. В.;1
Соколов Е. А.;1
Соколов Н. В.;1
Соколова А. М.;1
Соколова В.;1
Соколова В. В.;1
Соколова Е.;1
Соколова Е. В.;1
Соколова Е. Е.;1
Соколова Е. П.;1
Соколова И. В.;1
Соколова М. Е.;1
Соколова С.;1
Солин И. А.;1
Солис Б.;1
Солнцева А.;1
Соловьев В.;1
Соловьева В. С.;1
Соловьева Д. Ю.;1
Соловьева О. Ю.;1
Солодкова О. Л.;1
Соломатин Д. Д.;1
Соломоник А.;1
Соломонова Ю. В.;1
Сомов Л. А.;1
Сондерс Д.;1
Сорокин П. А.;1
Сорокина В. Н.;1
Сосна К. Е.;1
Соссюр Ф.;1
Социодинамика М. И.;1
Социокультурная М. И.;1
Специальный C.;1
Срничек Н.;1
Стальгорова О. М.;1
Станиславчик Е. Д.;1
Станюкович Т.;1
Старкова Н. О.;1
Старых И.;1
Сте В. С.;1
Стекольникова Т. В.;1
Стелзнер М.;1
Степанов А. И.;1
Степанов В.;1
Степанова А. А.;1
Степанова И. С.;1
Стефаненко Т. Г.;1
Стефанова И. В.;1
Стецовский М.;1
Стихотворения В.;1
Стишова А.;1
Стишова Е. М.;1
Столяров А. В.;1
Стоун М.;1
Стоуна М.;1
Стрельцова Г. Я.;1
Стрельчук А.;1
Стриженко А. А.;1
Стросс Ф.;1
Сувериной А.;1
Суворов H. H.;1
Суворова А.;1
Судариков С. А.;1
Сукманов И.;1
Сулейманов Р. А.;1
Сулейманова Ш. С.;1
Суминова Т. Н.;1
Сумская А. С.;1
Сундиев И.;1
Суринов А.;1
Суслова Е. В.;1
Суслова И. Б.;1
Суслова Ю. Ю.;1
Сысуева Е. С.;1
Сычев А. А.;1
Сычев А. В.;1
Сычев С.;1
Сычева С. Г.;1
Сягаева А. В.;1
Талалай Т. С.;1
Тан В.;1
Тарасов К. А.;1
Тарковский A. A.;1
Тартаковская И.;1
Татаринов К.;1
Татлина В. Е.;1
Твен М.;1
Тейлор Б.;1
Тельных Д. А.;1
Темежникова Н.;1
Темнова Е. В.;1
Темнова Е. И.;1
Теракопян М.;1
Терехов Д. А.;1
Терешкин С. В.;1
Терк М. М.;1
Терновсков В. Б.;1
Терпецкий Н.;1
Титов В.;1
Титов С. В.;1
Титова Н. А.;1
Титова Т. В.;1
Тиунов О. И.;1
Тишкин Г. А.;1
Ткачева Е. А.;1
Ткачева Н.;1
Ткаченко Н. В.;1
Ткаченко О. Н.;1
Товстоногов Г. А.;1
Тодоренко Р.;1
Тодорова О. В.;1
Токарев Д. В.;1
Токмашева М.;1
Толстого Л. Н.;1
Толстой А.;1
Толстой И.;1
Томпсон Д. Б.;1
Топорков А. Л.;1
Травкин И. Ю.;1
Трансформация М. А.;1
Траншеля А.;1
Третьяк О. А.;1
Третьяков А. В.;1
Третьяков В. П.;1
Трифонова Г. С.;1
Троицкий Х. Н.;1
Тростников В.;1
Трофименков М.;1
Трофимов Е. А.;1
Трофимова Е.;1
Трубина С.;1
Трубников В. И.;1
Трунов Д. Г.;1
Трухачев С. А.;1
Трюффо Р. Ф.;1
Тугушев С. Ю.;1
Тульо Э.;1
Тумаркин Н.;1
Тупицын В.;1
Туркин В. К.;1
Тучкова В.;1
Тюкаева Т. И.;1
Тюрин Д. В.;1
Уайзман Ф.;1
Уайтели Г.;1
Уваров М.;1
Уварова И. Д.;1
Удобный Д.;1
Уильямс Г.;1
Уитт Э.;1
Уманская М. В.;1
Унгер Р.;1
Уоллес Э.;1
Уоллок А.;1
Уотерфилд T.;1
Уоткинс П.;1
Уральцев В.;1
Усик А.;1
Усманова А.;1
Устинов В. М.;1
Устинова А. В.;1
Утенин В.;1
Утилова Н. В.;1
Утилова Н. И.;1
Уткин А.;1
Уткин Н. А.;1
Учебная В. С.;1
Ушакова Д. Н.;1
Ушанова И. А.;1
Уэст К.;1
Фаворская М.;1
Фадеева О. А.;1
Федоренко А. Н.;1
Федоров А. С.;1
Федорова А. Ю.;1
Федорова Н. Ф.;1
Федорова- А. А.;1
Федоровой Н. Н.;1
Федотова В. С.;1
Федюнин Д. В.;1
Феоктистов Г. В.;1
Феофанов О.;1
Филатова О. Г.;1
Филд С.;1
Филипп А.;1
Филиппенко А. А.;1
Филиппов П. Б.;1
Филиппова В. А.;1
Филиппова Т. Н.;1
Филлипс У.;1
Филонов Л. Б.;1
Филь М. С.;1
Филькин А. В.;1
Фильцев А.;1
Флоренский П. А.;1
Фокина В. В.;1
Фольман А.;1
Фомин В.;1
Фомичева М.;1
Фоули М. У.;1
Франкель Н.;1
Фрейлих С. И.;1
Фризо М.;1
Фролов А. А.;1
Фрост Л.;1
Фрумина А. Ю.;1
Фуруботн Э. Г.;1
Фухт Д.;1
Х В.;1
Хаак Б.;1
Хабаров К. А.;1
Хазанавичус М.;1
Хакназарова З.;1
Хакназарова З. К.;1
Халилов Д.;1
Хальбвакс М.;1
Хальцбаур У.;1
Хангельдиева И. Г.;1
Ханиш К.;1
Хант Л.;1
Ханукаева Р.;1
Ханютин Ю.;1
Харари Ю. Н.;1
Харитонова В.;1
Харитонова О.;1
Харитонова Т. Ю.;1
Харкевича М. М.;1
Харламова И. Ю.;1
Хархордин О.;1
Харченко А. И.;1
Хасслер М.;1
Хергович А.;1
Хиршман А. О.;1
Хитрук Ф. С.;1
Хлебников А.;1
Хлебников В. В.;1
Хлебникова Н.;1
Хмелькова Н. В.;1
Хобсбаум Э.;1
Хожиев Ж. Ж.;1
Холмогоров Е.;1
Холуева К. А.;1
Хороших П. П.;1
Хорькова М. Л.;1
Хренов Н.;1
Хренова Н. А.;1
Хрипкова А. Г.;1
Хрусталева Б. Б.;1
Хулей Г.;1
Хурматуллин А. К.;1
Хэртель А.;1
Цаликов К. В.;1
Цветков Н. И.;1
Целлер М.;1
Цзян Ч.;1
Цивилев К.;1
Цивкин М.;1
Цивьян Ю. Г.;1
Цирин А. М.;1
Цирина М. А.;1
Цогоев М. М.;1
Цомартова Ф. В.;1
Цуканова О. А.;1
Цыкина Е. В.;1
Цыркун Н.;1
Чаплин Ч.;1
Часть I. М.;1
Чебенко И.;1
Чевтаева Л. Н.;1
Челнокова Е. А.;1
Чендлер К.;1
Червинский А.;1
Чернавский М. Ю.;1
Черникова Е. В.;1
Чернова С.;1
Чернова С. В.;1
Черняк Е. Д.;1
Черняк Л.;1
Черняк Л. И.;1
Черняк М. А.;1
Чехов М. А.;1
Чехове А. П.;1
Чеховский И. В.;1
Чжай Г. О.;1
Чжень С.;1
Чжоу М. И.;1
Чибир Е. В.;1
Чибисов В.;1
Чикер В. А.;1
Чиксентмихайи М.;1
Чимде О.;1
Чирикова А. Е.;1
Чирун С. Н.;1
Чистякова В. О.;1
Чичикова П. И.;1
Чмырева И.;1
Чубаров И.;1
Чувилова И.;1
Чугункина В.;1
Чугунова А. В.;1
Чудинова Е. Г.;1
Чукарин Б. А.;1
Чумаченко П. В.;1
Чуркин И.;1
Чуркина Н.;1
Чухрай Г. Н.;1
Шаблин В. В.;1
Шавловский К.;1
Шавров Д.;1
Шагайда П. А.;1
Шайхитдиновой С. К.;1
Шак Т. Ф.;1
Шакина О.;1
Шарапов Р. И.;1
Шаржанова К. М.;1
Шарков Ф.;1
Шарков Ф. И.;1
Шатрович П. О.;1
Шатских А. С.;1
Шашин З.;1
Шашин З. С.;1
Швед В. А.;1
Шведова Н.;1
Шведова Н. Ю.;1
Шведовой Н.;1
Шевелева А.;1
Шевченко В.;1
Шевченко Д.;1
Шевченко Д. А.;1
Шедова И. А.;1
Шейпак О. А.;1
Шекина Е. Л.;1
Шекова Е. Л.;1
Шекспир У.;1
Шенбергер М.;1
Шергова К. А.;1
Шерковин Ю. А.;1
Шестакова В. П.;1
Шешич М.;1
Шигарева Ю.;1
Шилина И. А.;1
Шилина Н. А.;1
Шилина С. А.;1
Шимолин В.;1
Шипунова Т.;1
Широкова Е. А.;1
Шишкин Д. А.;1
Шишкина М. А.;1
Шишова Т.;1
Шкловский В.;1
Школьников С.;1
Шкопоров Н. Б.;1
Шлядинский А. А.;1
Шмелева О.;1
Шмидт В.;1
Шмитт Б.;1
Шмитт К.;1
Шмыков Е.;1
Шолик Н.;1
Шоню П.;1
Шопенгауэр А.;1
Шорин А.;1
Шпенглер О.;1
Шпет Г. Г.;1
Шпигельмана А.;1
Штейна В. И.;1
Штейнберг И. Е.;1
Штомпка П.;1
Шуберт К.;1
Шукла A.;1
Шулин В. В.;1
Шумович А. В.;1
Шурыгина И. И.;1
Шушпанова И. С.;1
Щеколдин В. Ю.;1
Щепилова Г. Г.;1
Щербаков С. А.;1
Щербенко О. С.;1
Щетвина А.;1
Щуклина Е. С.;1
Эдельман Л.;1
Эйдос С.;1
Эйзенштейна С. М.;1
Эйри Д.;1
Экспериментальная Я.;1
Элберс А.;1
Элиаде М.;1
Элкинд Д.;1
Эпштейн И.;1
Эпштейн М.;1
Эпштейн М. З.;1
Эпштейн Э.;1
Эпштейн Я.;1
Эрик Г.;1
Эркенова Д.;1
Эркенова Ю. А.;1
Эткинда А.;1
Эфрос А. В.;1
Эяль Н.;1
Юдакова О. В.;1
Юдин Г. Б.;1
Юдина Л.;1
Юрасова О. И.;1
Юрием Р.;1
Юркина Р.;1
Юрчак А.;1
Юсев А.;1
Юстиниана Д.;1
Юткевич С.;1
Юхананов Б.;1
Юханова А. А.;1
Явинская Ю. В.;1
Якимова Е. В.;1
Яковлева Л. М.;1
Яковлева Т. И.;1
Ямпольский М.;1
Ямпольской Д. О.;1
Яндарова С. В.;1
Яненко М. Е.;1
Янковская Г. А.;1
Яроцкий Ю.;1
Ярцевой В. Н.;1
Ярцевой Н. Д.;1
Ячменева М. В.;1
и М.;1
лагутина Е. С.;1
