Кондакова А.;10
Кондаков А. А.;9
Тарковский А.;5
Бердяев Н. А.;4
Макки Р.;4
Митта А.;4
Рабигер М.;4
Беньямин В.;3
Богородский С. В.;3
Огурчиков П. К.;3
Роднянский А.;3
Садуль Ж.;3
Сидоренко В. И.;3
Снайдер Б.;3
Bell D.;2
Binnie J.;2
Fichter D.;2
Kondakov A. A.;2
Kotler P.;2
Lieser W.;2
Martin C.;2
Munroe R. M.;2
Neil G.;2
Nichols B.;2
Obar J. A.;2
Paul C.;2
Wildman S.;2
Zaytseva O.;2
Бахметьев Я.;2
Бочавер С.;2
Бэдли Х.;2
Воскресенская В. В.;2
Гаман Л. А.;2
Дворников А.;2
Делез Ж.;2
Ионеско Э.;2
Кирсанова Л. И.;2
Коваленко С. П.;2
Кулешов Л. В.;2
Лапин А. И.;2
Макеенко М. И.;2
Малевич К.;2
Манхейм К.;2
Маяковский В. В.;2
Митина Н. Г.;2
Молчанов А.;2
Морозов А. И.;2
Пигулевский В. О.;2
Прожико Г. С.;2
Пронкина Е. С.;2
Романчук А. В.;2
Сегер Л.;2
Соболева И.;2
Соколов А. Г.;2
Соловьева С.;2
Станиславский К.;2
Столяров Б. А.;2
Толкачев Д. С.;2
Трубецкой Е. Н.;2
Уорд П.;2
Франк Г.;2
Фуко М.;2
Хили Д.;2
Чаус Н. В.;2
Эйзенштейн С. М.;2
Эссиг Л.;2
Albert S.;1
Alloway L.;1
Andrews R.;1
Aral S.;1
Archer J.;1
Bafna S.;1
Baker J.;1
Bastiaens T.;1
Beck J.;1
Becker H. S.;1
Benovsky J.;1
Berra J.;1
Berry C.;1
Bigelow L.;1
Bonneel N.;1
Bordwell D.;1
Bowen C.;1
Bowlt J.;1
Branch R.;1
Brotherton S. A.;1
Brown B.;1
Buhler J.;1
Chen K.;1
Cherrier M.;1
Cleve B.;1
Cockrane D.;1
Cooper D.;1
Cossman B.;1
Daniel T.;1
Davis R.;1
Deci E. L.;1
Deemer R.;1
Delamar P.;1
Dickinson K.;1
Dmytryk E.;1
Dron J.;1
Ebing R.;1
Esslin M.;1
European A.;1
European I.;1
Felando C.;1
Field S.;1
Foucault M.;1
Fried R. T.;1
Froese P.;1
Gagne R. M.;1
Galer M.;1
George A.;1
Gessen M.;1
Godes D.;1
Golas K. C.;1
Goldman W.;1
Grainge P.;1
Grajeda T.;1
Green J.;1
Groves N.;1
Gulikers J.;1
Gurskis D.;1
Haan S.;1
Halperin D.;1
Hart J. P.;1
Hartnett M.;1
Hausmann A.;1
Hemingway B.;1
Hemmings C.;1
Holmlund C.;1
Horton S.;1
Hubbard P.;1
Hyun M. S.;1
Imaginary J.;1
Isupova O. G.;1
Ithaca N. Y.;1
Jacobson M.;1
James M.;1
Jang S.;1
Jeffrey R.;1
Jeffries S.;1
Jockers M. L.;1
Johnson C.;1
Katsioloudes M. I.;1
Katz S.;1
Katz S. D.;1
Kautsky K.;1
Kee R.;1
Keller J. M.;1
King G.;1
King G. M.;1
King S.;1
Kondakov A.;1
Kuhn A.;1
Lee D. H.;1
Linda J.;1
Luhan M.;1
Lumet S.;1
Macdonald I.;1
Macdonald I. W.;1
Magee J. C.;1
Manovich L.;1
Margitu S.;1
Marilyn G.;1
Martens R. L.;1
Mendus J.;1
Muravyeva M.;1
Muravyeva R. M.;1
Murray N.;1
Mustanski B. S.;1
N M. A.;1
Neumeyer D.;1
Ni X.;1
Noonan N. C.;1
Norman E. S.;1
Pasori C.;1
Paul D.;1
Pelizzari M. A.;1
Philip J.;1
Phillips A.;1
Ponton M.;1
Popper F.;1
Quinn A.;1
R K.;1
R P.;1
Rabiger M.;1
Rappaport H.;1
Ratnam N.;1
Reeves B.;1
Reussner E. M.;1
Rizzo M.;1
Robertson J.;1
Robertson J. C.;1
Rosa J.;1
Rovai A. P.;1
Rush M.;1
Russell K.;1
Russo A.;1
Ryan J.;1
Ryan R. M.;1
Schlatter N. E.;1
Scrivano P.;1
Seger L.;1
Shanken E. A.;1
Shapley G.;1
Smith J.;1
Snyder B.;1
Sole D.;1
Swain D. V.;1
Swain J. R.;1
Sylbert R.;1
Tang L.;1
The I.;1
Thompson K.;1
Thompson R.;1
Thorne S.;1
Toivo M.;1
Triandis H. C.;1
Valliere P.;1
Wager W. W.;1
Wallace L.;1
Wendy I.;1
Westwell G.;1
Wighting M.;1
Wilson D. G.;1
Wyatt J.;1
Yaneva A.;1
А Е. Л.;1
Айзенберг М.;1
Айсманн К.;1
Александрович В. Ю.;1
Алексанян Е. А.;1
Алексеев В. А.;1
Алексеев С. П.;1
Алимпиева А.;1
Анюхина А. М.;1
Аристарховой И.;1
Аркус Л.;1
Арменского Е. В.;1
Артюх А.;1
Атанесян А. А.;1
Базанова Е. М.;1
Базина Е. С.;1
Байракимов А. Б.;1
Балаш Б.;1
Барабан Е.;1
Барежев А. А.;1
Барежев В. А.;1
Барт Р.;1
Баснер Е.;1
Белова Л. И.;1
Беляев И. К.;1
Бергер П. А.;1
Бирюкова М. В.;1
Борисова В. В.;1
Боровский А.;1
Бочавер К.;1
Бочавер С. К.;1
Бугайчук К. М.;1
Булгаков С. Н.;1
Буравцова В. В.;1
Бурлюк Д. Д.;1
Вахрушев В.;1
Введенский Б. А.;1
Виноградов И. А.;1
Воглер Д.;1
Воглер К.;1
Водкин К. С.;1
Волкова П.;1
Вольфсон Ю. Р.;1
Вольчина А. Е.;1
Воробьева Д. С.;1
Воронина О. А.;1
Воронкова М.;1
Галяпина В. Н.;1
Ганева А. Г.;1
Гельман М.;1
Герцена А. И.;1
Гильдебранд Д. Ф.;1
Глазкова С. А.;1
Головня А. Д.;1
Голышев В.;1
Горбачев Н.;1
Горячева Т. В.;1
Градинари И.;1
Градюшко А.;1
Грей Т.;1
Григорьева А. Н.;1
Грунян Г.;1
Гудридж М.;1
Гулин И.;1
Даль В. И.;1
Дасаевои Т. Н.;1
Дафт Р. Л.;1
Джордж Э.;1
Джулай Л. Н.;1
Дзялошинский И. М.;1
Достоевский Ф.;1
Драгичевич- М.;1
Дугган Ш.;1
Дягилев C.;1
Евлампиев И. И.;1
Евтеев М. А.;1
Евтеева М. Л.;1
Емельянов С. Н.;1
Ермакова О. Л.;1
Ермилова Д. Ю.;1
Ерохин С. В.;1
Ефремова Т. Ф.;1
Жорова Т. М.;1
Задорожная К. В.;1
Залесскии Б. Л.;1
Зоркая Н.;1
Иванов Г. П.;1
Игнатов П. В.;1
Игумнова Е. В.;1
Изард К. Э.;1
Изд-во С.;1
Издатель Л.;1
Издательство С.;1
Изотов В. В.;1
Индик У.;1
Интернационала В. Е.;1
Иофис И. А.;1
Исаев Д.;1
Искусств Н. К.;1
Иттен И.;1
Ишанханова Г.;1
Камю А.;1
Карпушкин М. А.;1
Касьянов В. В.;1
Кириченко К.;1
Клюев Е. В.;1
Кокарев И. Е.;1
Колбер Ф.;1
Колосова А. А.;1
Кононенко Е.;1
Коренева М. М.;1
Коротков Э. М.;1
Котлер Ф.;1
Коттон Ш.;1
Кохановская М.;1
Кравцов Ю. А.;1
Кравченко А. И.;1
Красных А. И.;1
Красько К. В.;1
Криштул Б. И.;1
Крученых А. Е.;1
Крылов А. А.;1
Кулешов Л.;1
Кулинкина Т. Ю.;1
Кэмбелл Д.;1
Кэтмелл Э.;1
Ладная Е. В.;1
Лапин Н. И.;1
Лежнина Ю. П.;1
Лихачев Д. С.;1
Ломоносова М. В.;1
Лотман Ю. М.;1
Лоцман Ю.;1
Лутохина А. И.;1
Лысакова А. А.;1
Люмет С.;1
Маккена Д.;1
Маккенна К.;1
Максимова А. С.;1
Малькевич В. А.;1
Малюкова Л.;1
Мамонтова А. И.;1
Манович Л.;1
Мартинес Р.;1
Марчук Н. Ю.;1
Меленевской Э. Д.;1
Мелодинский Д. Л.;1
Мельников М. В.;1
Мизиано В.;1
Митрофанова А.;1
Митта А. Н.;1
Митчел Э.;1
Морозов С.;1
Мочалов Л. В.;1
Муравьева М.;1
Муратов С. А;1
Назайкин А.;1
Намедни Л.;1
Недошивина Г. А.;1
Николс Б.;1
Новицкий П. И.;1
Овшинов А. Н.;1
Омельченко Е.;1
Орлова Е. И.;1
Осин Р. В.;1
Падейский В. В.;1
Петров- К. С.;1
Писарчик Т. П.;1
Пичурина Н. Н.;1
Покровский Н. Н.;1
Поляков Т. П.;1
Пониз В. Ф.;1
Поплавская Н. В.;1
Портер М.;1
Порчайкина Н. В.;1
Послыхалин А. Ю.;1
Поспелов Г.;1
Поспеловский Д. В.;1
Правоверова Л. Л.;1
Пропп В.;1
Пропп В. Я.;1
Пунин Н.;1
Пунин Н. Н.;1
Путешествие К.;1
Раш М.;1
Режиссура М.;1
Речная Л.;1
Родригес Р.;1
Ромашко С. А.;1
Ромм М.;1
Ромм М. И.;1
Рощин С. Ю.;1
Рощина Я. М.;1
Рудаков В. Н.;1
Русакова Н. А.;1
Русское Е. Ю.;1
Рябов О. В.;1
Рябова Т. Б.;1
Савчук В.;1
Самыгин С. И.;1
Сапанжа О.;1
Сарабьянов А. Д.;1
Светляков К. А.;1
Семенова С. Г.;1
Семилет Т. А.;1
Сильнова Е. И.;1
Смертин А. Н.;1
Смирнов А. И.;1
Смирнова В. В.;1
Смит Т.;1
Созаев В.;1
Соколов Н. В.;1
Соколова В.;1
Соколова Е. В.;1
Соколова Е. Е.;1
Соловьев В.;1
Соловьев В. А.;1
Соловьева В. С.;1
Соломатин Д. Д.;1
Сонтаг С.;1
Стальгорова О. М.;1
Станиславский К. С.;1
Стихотворения В.;1
Стросс Ф.;1
Суворов H. H.;1
Суслова И. Б.;1
Татлина В. Е.;1
Тейлор Б.;1
Темнова Е. В.;1
Ткачева Е. А.;1
Токарев Д. В.;1
Толстой А.;1
Тоффлер Э.;1
Травкин И. Ю.;1
Траншеля А.;1
Третьяков А. В.;1
Трифонова Г. С.;1
Трунов Д. Г.;1
Тупицын В.;1
Туровская М. И.;1
Уоллес Э.;1
Усик А.;1
Утилова Н. В.;1
Утилова Н. И.;1
Федорова Н. Ф.;1
Федорова- А. А.;1
Филд С.;1
Фрейлих С. И.;1
Фрост Л.;1
Х В.;1
Харитонова О.;1
Хлебников В. В.;1
Хлебникова Н.;1
Хожиев Ж. Ж.;1
Хурматуллин А. К.;1
Чехов М. А.;1
Шаблин В. В.;1
Шатрович П. О.;1
Шатских А. С.;1
Шевелева А.;1
Шевченко Д. А.;1
Шешич М.;1
Шилина Н. А.;1
Шулин В. В.;1
Эдельман Л.;1
Эйзенштейн С.;1
Элберс А.;1
Элкинд Д.;1
Эпштейн Э.;1
Эрик Г.;1
Юрчак А.;1
Юткевич С. И.;1
Янковская Г. А.;1
и М.;1
